ID,name,gender_rate,capture_rate,base_happiness,is_baby,is_legendary,is_mythical,has_gender_differences,forms_switchable,growth_rate,evolves_from_species,habitat,generation
1,bulbasaur,1,45,70,FALSE,FALSE,FALSE,FALSE,FALSE,medium-slow,None,grassland,generation-i
2,ivysaur,1,45,70,FALSE,FALSE,FALSE,FALSE,FALSE,medium-slow,bulbasaur,grassland,generation-i
3,venusaur,1,45,70,FALSE,FALSE,FALSE,TRUE,TRUE,medium-slow,ivysaur,grassland,generation-i
4,charmander,1,45,70,FALSE,FALSE,FALSE,FALSE,FALSE,medium-slow,None,mountain,generation-i
5,charmeleon,1,45,70,FALSE,FALSE,FALSE,FALSE,FALSE,medium-slow,charmander,mountain,generation-i
6,charizard,1,45,70,FALSE,FALSE,FALSE,FALSE,TRUE,medium-slow,charmeleon,mountain,generation-i
7,squirtle,1,45,70,FALSE,FALSE,FALSE,FALSE,FALSE,medium-slow,None,waters-edge,generation-i
8,wartortle,1,45,70,FALSE,FALSE,FALSE,FALSE,FALSE,medium-slow,squirtle,waters-edge,generation-i
9,blastoise,1,45,70,FALSE,FALSE,FALSE,FALSE,TRUE,medium-slow,wartortle,waters-edge,generation-i
10,caterpie,4,255,70,FALSE,FALSE,FALSE,FALSE,FALSE,medium,None,forest,generation-i
11,metapod,4,120,70,FALSE,FALSE,FALSE,FALSE,FALSE,medium,caterpie,forest,generation-i
12,butterfree,4,45,70,FALSE,FALSE,FALSE,TRUE,FALSE,medium,metapod,forest,generation-i
13,weedle,4,255,70,FALSE,FALSE,FALSE,FALSE,FALSE,medium,None,forest,generation-i
14,kakuna,4,120,70,FALSE,FALSE,FALSE,FALSE,FALSE,medium,weedle,forest,generation-i
15,beedrill,4,45,70,FALSE,FALSE,FALSE,FALSE,TRUE,medium,kakuna,forest,generation-i
16,pidgey,4,255,70,FALSE,FALSE,FALSE,FALSE,FALSE,medium-slow,None,forest,generation-i
17,pidgeotto,4,120,70,FALSE,FALSE,FALSE,FALSE,FALSE,medium-slow,pidgey,forest,generation-i
18,pidgeot,4,45,70,FALSE,FALSE,FALSE,FALSE,TRUE,medium-slow,pidgeotto,forest,generation-i
19,rattata,4,255,70,FALSE,FALSE,FALSE,TRUE,FALSE,medium,None,grassland,generation-i
20,raticate,4,127,70,FALSE,FALSE,FALSE,TRUE,FALSE,medium,rattata,grassland,generation-i
21,spearow,4,255,70,FALSE,FALSE,FALSE,FALSE,FALSE,medium,None,rough-terrain,generation-i
22,fearow,4,90,70,FALSE,FALSE,FALSE,FALSE,FALSE,medium,spearow,rough-terrain,generation-i
23,ekans,4,255,70,FALSE,FALSE,FALSE,FALSE,FALSE,medium,None,grassland,generation-i
24,arbok,4,90,70,FALSE,FALSE,FALSE,FALSE,FALSE,medium,ekans,grassland,generation-i
25,pikachu,4,190,70,FALSE,FALSE,FALSE,TRUE,FALSE,medium,pichu,forest,generation-i
26,raichu,4,75,70,FALSE,FALSE,FALSE,TRUE,FALSE,medium,pikachu,forest,generation-i
27,sandshrew,4,255,70,FALSE,FALSE,FALSE,FALSE,FALSE,medium,None,rough-terrain,generation-i
28,sandslash,4,90,70,FALSE,FALSE,FALSE,FALSE,FALSE,medium,sandshrew,rough-terrain,generation-i
29,nidoran-f,8,235,70,FALSE,FALSE,FALSE,FALSE,FALSE,medium-slow,None,grassland,generation-i
30,nidorina,8,120,70,FALSE,FALSE,FALSE,FALSE,FALSE,medium-slow,nidoran-f,grassland,generation-i
31,nidoqueen,8,45,70,FALSE,FALSE,FALSE,FALSE,FALSE,medium-slow,nidorina,grassland,generation-i
32,nidoran-m,0,235,70,FALSE,FALSE,FALSE,FALSE,FALSE,medium-slow,None,grassland,generation-i
33,nidorino,0,120,70,FALSE,FALSE,FALSE,FALSE,FALSE,medium-slow,nidoran-m,grassland,generation-i
34,nidoking,0,45,70,FALSE,FALSE,FALSE,FALSE,FALSE,medium-slow,nidorino,grassland,generation-i
35,clefairy,6,150,140,FALSE,FALSE,FALSE,FALSE,FALSE,fast,cleffa,mountain,generation-i
36,clefable,6,25,140,FALSE,FALSE,FALSE,FALSE,FALSE,fast,clefairy,mountain,generation-i
37,vulpix,6,190,70,FALSE,FALSE,FALSE,FALSE,FALSE,medium,None,grassland,generation-i
38,ninetales,6,75,70,FALSE,FALSE,FALSE,FALSE,FALSE,medium,vulpix,grassland,generation-i
39,jigglypuff,6,170,70,FALSE,FALSE,FALSE,FALSE,FALSE,fast,igglybuff,grassland,generation-i
40,wigglytuff,6,50,70,FALSE,FALSE,FALSE,FALSE,FALSE,fast,jigglypuff,grassland,generation-i
41,zubat,4,255,70,FALSE,FALSE,FALSE,TRUE,FALSE,medium,None,cave,generation-i
42,golbat,4,90,70,FALSE,FALSE,FALSE,TRUE,FALSE,medium,zubat,cave,generation-i
43,oddish,4,255,70,FALSE,FALSE,FALSE,FALSE,FALSE,medium-slow,None,grassland,generation-i
44,gloom,4,120,70,FALSE,FALSE,FALSE,TRUE,FALSE,medium-slow,oddish,grassland,generation-i
45,vileplume,4,45,70,FALSE,FALSE,FALSE,TRUE,FALSE,medium-slow,gloom,grassland,generation-i
46,paras,4,190,70,FALSE,FALSE,FALSE,FALSE,FALSE,medium,None,forest,generation-i
47,parasect,4,75,70,FALSE,FALSE,FALSE,FALSE,FALSE,medium,paras,forest,generation-i
48,venonat,4,190,70,FALSE,FALSE,FALSE,FALSE,FALSE,medium,None,forest,generation-i
49,venomoth,4,75,70,FALSE,FALSE,FALSE,FALSE,FALSE,medium,venonat,forest,generation-i
50,diglett,4,255,70,FALSE,FALSE,FALSE,FALSE,FALSE,medium,None,cave,generation-i
51,dugtrio,4,50,70,FALSE,FALSE,FALSE,FALSE,FALSE,medium,diglett,cave,generation-i
52,meowth,4,255,70,FALSE,FALSE,FALSE,FALSE,FALSE,medium,None,urban,generation-i
53,persian,4,90,70,FALSE,FALSE,FALSE,FALSE,FALSE,medium,meowth,urban,generation-i
54,psyduck,4,190,70,FALSE,FALSE,FALSE,FALSE,FALSE,medium,None,waters-edge,generation-i
55,golduck,4,75,70,FALSE,FALSE,FALSE,FALSE,FALSE,medium,psyduck,waters-edge,generation-i
56,mankey,4,190,70,FALSE,FALSE,FALSE,FALSE,FALSE,medium,None,mountain,generation-i
57,primeape,4,75,70,FALSE,FALSE,FALSE,FALSE,FALSE,medium,mankey,mountain,generation-i
58,growlithe,2,190,70,FALSE,FALSE,FALSE,FALSE,FALSE,slow,None,grassland,generation-i
59,arcanine,2,75,70,FALSE,FALSE,FALSE,FALSE,FALSE,slow,growlithe,grassland,generation-i
60,poliwag,4,255,70,FALSE,FALSE,FALSE,FALSE,FALSE,medium-slow,None,waters-edge,generation-i
61,poliwhirl,4,120,70,FALSE,FALSE,FALSE,FALSE,FALSE,medium-slow,poliwag,waters-edge,generation-i
62,poliwrath,4,45,70,FALSE,FALSE,FALSE,FALSE,FALSE,medium-slow,poliwhirl,waters-edge,generation-i
63,abra,2,200,70,FALSE,FALSE,FALSE,FALSE,FALSE,medium-slow,None,urban,generation-i
64,kadabra,2,100,70,FALSE,FALSE,FALSE,TRUE,FALSE,medium-slow,abra,urban,generation-i
65,alakazam,2,50,70,FALSE,FALSE,FALSE,TRUE,TRUE,medium-slow,kadabra,urban,generation-i
66,machop,2,180,70,FALSE,FALSE,FALSE,FALSE,FALSE,medium-slow,None,mountain,generation-i
67,machoke,2,90,70,FALSE,FALSE,FALSE,FALSE,FALSE,medium-slow,machop,mountain,generation-i
68,machamp,2,45,70,FALSE,FALSE,FALSE,FALSE,FALSE,medium-slow,machoke,mountain,generation-i
69,bellsprout,4,255,70,FALSE,FALSE,FALSE,FALSE,FALSE,medium-slow,None,forest,generation-i
70,weepinbell,4,120,70,FALSE,FALSE,FALSE,FALSE,FALSE,medium-slow,bellsprout,forest,generation-i
71,victreebel,4,45,70,FALSE,FALSE,FALSE,FALSE,FALSE,medium-slow,weepinbell,forest,generation-i
72,tentacool,4,190,70,FALSE,FALSE,FALSE,FALSE,FALSE,slow,None,sea,generation-i
73,tentacruel,4,60,70,FALSE,FALSE,FALSE,FALSE,FALSE,slow,tentacool,sea,generation-i
74,geodude,4,255,70,FALSE,FALSE,FALSE,FALSE,FALSE,medium-slow,None,mountain,generation-i
75,graveler,4,120,70,FALSE,FALSE,FALSE,FALSE,FALSE,medium-slow,geodude,mountain,generation-i
76,golem,4,45,70,FALSE,FALSE,FALSE,FALSE,FALSE,medium-slow,graveler,mountain,generation-i
77,ponyta,4,190,70,FALSE,FALSE,FALSE,FALSE,FALSE,medium,None,grassland,generation-i
78,rapidash,4,60,70,FALSE,FALSE,FALSE,FALSE,FALSE,medium,ponyta,grassland,generation-i
79,slowpoke,4,190,70,FALSE,FALSE,FALSE,FALSE,FALSE,medium,None,waters-edge,generation-i
80,slowbro,4,75,70,FALSE,FALSE,FALSE,FALSE,TRUE,medium,slowpoke,waters-edge,generation-i
81,magnemite,-1,190,70,FALSE,FALSE,FALSE,FALSE,FALSE,medium,None,rough-terrain,generation-i
82,magneton,-1,60,70,FALSE,FALSE,FALSE,FALSE,FALSE,medium,magnemite,rough-terrain,generation-i
83,farfetchd,4,45,70,FALSE,FALSE,FALSE,FALSE,FALSE,medium,None,grassland,generation-i
84,doduo,4,190,70,FALSE,FALSE,FALSE,TRUE,FALSE,medium,None,grassland,generation-i
85,dodrio,4,45,70,FALSE,FALSE,FALSE,TRUE,FALSE,medium,doduo,grassland,generation-i
86,seel,4,190,70,FALSE,FALSE,FALSE,FALSE,FALSE,medium,None,sea,generation-i
87,dewgong,4,75,70,FALSE,FALSE,FALSE,FALSE,FALSE,medium,seel,sea,generation-i
88,grimer,4,190,70,FALSE,FALSE,FALSE,FALSE,FALSE,medium,None,urban,generation-i
89,muk,4,75,70,FALSE,FALSE,FALSE,FALSE,FALSE,medium,grimer,urban,generation-i
90,shellder,4,190,70,FALSE,FALSE,FALSE,FALSE,FALSE,slow,None,sea,generation-i
91,cloyster,4,60,70,FALSE,FALSE,FALSE,FALSE,FALSE,slow,shellder,sea,generation-i
92,gastly,4,190,70,FALSE,FALSE,FALSE,FALSE,FALSE,medium-slow,None,cave,generation-i
93,haunter,4,90,70,FALSE,FALSE,FALSE,FALSE,FALSE,medium-slow,gastly,cave,generation-i
94,gengar,4,45,70,FALSE,FALSE,FALSE,FALSE,TRUE,medium-slow,haunter,cave,generation-i
95,onix,4,45,70,FALSE,FALSE,FALSE,FALSE,FALSE,medium,None,cave,generation-i
96,drowzee,4,190,70,FALSE,FALSE,FALSE,FALSE,FALSE,medium,None,grassland,generation-i
97,hypno,4,75,70,FALSE,FALSE,FALSE,TRUE,FALSE,medium,drowzee,grassland,generation-i
98,krabby,4,225,70,FALSE,FALSE,FALSE,FALSE,FALSE,medium,None,waters-edge,generation-i
99,kingler,4,60,70,FALSE,FALSE,FALSE,FALSE,FALSE,medium,krabby,waters-edge,generation-i
100,voltorb,-1,190,70,FALSE,FALSE,FALSE,FALSE,FALSE,medium,None,urban,generation-i
101,electrode,-1,60,70,FALSE,FALSE,FALSE,FALSE,FALSE,medium,voltorb,urban,generation-i
102,exeggcute,4,90,70,FALSE,FALSE,FALSE,FALSE,FALSE,slow,None,forest,generation-i
103,exeggutor,4,45,70,FALSE,FALSE,FALSE,FALSE,FALSE,slow,exeggcute,forest,generation-i
104,cubone,4,190,70,FALSE,FALSE,FALSE,FALSE,FALSE,medium,None,mountain,generation-i
105,marowak,4,75,70,FALSE,FALSE,FALSE,FALSE,FALSE,medium,cubone,mountain,generation-i
106,hitmonlee,0,45,70,FALSE,FALSE,FALSE,FALSE,FALSE,medium,tyrogue,urban,generation-i
107,hitmonchan,0,45,70,FALSE,FALSE,FALSE,FALSE,FALSE,medium,tyrogue,urban,generation-i
108,lickitung,4,45,70,FALSE,FALSE,FALSE,FALSE,FALSE,medium,None,grassland,generation-i
109,koffing,4,190,70,FALSE,FALSE,FALSE,FALSE,FALSE,medium,None,urban,generation-i
110,weezing,4,60,70,FALSE,FALSE,FALSE,FALSE,FALSE,medium,koffing,urban,generation-i
111,rhyhorn,4,120,70,FALSE,FALSE,FALSE,TRUE,FALSE,slow,None,rough-terrain,generation-i
112,rhydon,4,60,70,FALSE,FALSE,FALSE,TRUE,FALSE,slow,rhyhorn,rough-terrain,generation-i
113,chansey,8,30,140,FALSE,FALSE,FALSE,FALSE,FALSE,fast,happiny,urban,generation-i
114,tangela,4,45,70,FALSE,FALSE,FALSE,FALSE,FALSE,medium,None,grassland,generation-i
115,kangaskhan,8,45,70,FALSE,FALSE,FALSE,FALSE,TRUE,medium,None,grassland,generation-i
116,horsea,4,225,70,FALSE,FALSE,FALSE,FALSE,FALSE,medium,None,sea,generation-i
117,seadra,4,75,70,FALSE,FALSE,FALSE,FALSE,FALSE,medium,horsea,sea,generation-i
118,goldeen,4,225,70,FALSE,FALSE,FALSE,TRUE,FALSE,medium,None,waters-edge,generation-i
119,seaking,4,60,70,FALSE,FALSE,FALSE,TRUE,FALSE,medium,goldeen,waters-edge,generation-i
120,staryu,-1,225,70,FALSE,FALSE,FALSE,FALSE,FALSE,slow,None,sea,generation-i
121,starmie,-1,60,70,FALSE,FALSE,FALSE,FALSE,FALSE,slow,staryu,sea,generation-i
122,mr-mime,4,45,70,FALSE,FALSE,FALSE,FALSE,FALSE,medium,mime-jr,urban,generation-i
123,scyther,4,45,70,FALSE,FALSE,FALSE,TRUE,FALSE,medium,None,grassland,generation-i
124,jynx,8,45,70,FALSE,FALSE,FALSE,FALSE,FALSE,medium,smoochum,urban,generation-i
125,electabuzz,2,45,70,FALSE,FALSE,FALSE,FALSE,FALSE,medium,elekid,grassland,generation-i
126,magmar,2,45,70,FALSE,FALSE,FALSE,FALSE,FALSE,medium,magby,mountain,generation-i
127,pinsir,4,45,70,FALSE,FALSE,FALSE,FALSE,TRUE,slow,None,forest,generation-i
128,tauros,0,45,70,FALSE,FALSE,FALSE,FALSE,FALSE,slow,None,grassland,generation-i
129,magikarp,4,255,70,FALSE,FALSE,FALSE,TRUE,FALSE,slow,None,waters-edge,generation-i
130,gyarados,4,45,70,FALSE,FALSE,FALSE,TRUE,TRUE,slow,magikarp,waters-edge,generation-i
131,lapras,4,45,70,FALSE,FALSE,FALSE,FALSE,FALSE,slow,None,sea,generation-i
132,ditto,-1,35,70,FALSE,FALSE,FALSE,FALSE,FALSE,medium,None,urban,generation-i
133,eevee,1,45,70,FALSE,FALSE,FALSE,FALSE,FALSE,medium,None,urban,generation-i
134,vaporeon,1,45,70,FALSE,FALSE,FALSE,FALSE,FALSE,medium,eevee,urban,generation-i
135,jolteon,1,45,70,FALSE,FALSE,FALSE,FALSE,FALSE,medium,eevee,urban,generation-i
136,flareon,1,45,70,FALSE,FALSE,FALSE,FALSE,FALSE,medium,eevee,urban,generation-i
137,porygon,-1,45,70,FALSE,FALSE,FALSE,FALSE,FALSE,medium,None,urban,generation-i
138,omanyte,1,45,70,FALSE,FALSE,FALSE,FALSE,FALSE,medium,None,sea,generation-i
139,omastar,1,45,70,FALSE,FALSE,FALSE,FALSE,FALSE,medium,omanyte,sea,generation-i
140,kabuto,1,45,70,FALSE,FALSE,FALSE,FALSE,FALSE,medium,None,sea,generation-i
141,kabutops,1,45,70,FALSE,FALSE,FALSE,FALSE,FALSE,medium,kabuto,sea,generation-i
142,aerodactyl,1,45,70,FALSE,FALSE,FALSE,FALSE,TRUE,slow,None,mountain,generation-i
143,snorlax,1,25,70,FALSE,FALSE,FALSE,FALSE,FALSE,slow,munchlax,mountain,generation-i
144,articuno,-1,3,35,FALSE,TRUE,FALSE,FALSE,FALSE,slow,None,rare,generation-i
145,zapdos,-1,3,35,FALSE,TRUE,FALSE,FALSE,FALSE,slow,None,rare,generation-i
146,moltres,-1,3,35,FALSE,TRUE,FALSE,FALSE,FALSE,slow,None,rare,generation-i
147,dratini,4,45,35,FALSE,FALSE,FALSE,FALSE,FALSE,slow,None,waters-edge,generation-i
148,dragonair,4,45,35,FALSE,FALSE,FALSE,FALSE,FALSE,slow,dratini,waters-edge,generation-i
149,dragonite,4,45,35,FALSE,FALSE,FALSE,FALSE,FALSE,slow,dragonair,waters-edge,generation-i
150,mewtwo,-1,3,0,FALSE,TRUE,FALSE,FALSE,TRUE,slow,None,rare,generation-i
151,mew,-1,45,100,FALSE,FALSE,TRUE,FALSE,FALSE,medium-slow,None,rare,generation-i
152,chikorita,1,45,70,FALSE,FALSE,FALSE,FALSE,FALSE,medium-slow,None,grassland,generation-ii
153,bayleef,1,45,70,FALSE,FALSE,FALSE,FALSE,FALSE,medium-slow,chikorita,grassland,generation-ii
154,meganium,1,45,70,FALSE,FALSE,FALSE,TRUE,FALSE,medium-slow,bayleef,grassland,generation-ii
155,cyndaquil,1,45,70,FALSE,FALSE,FALSE,FALSE,FALSE,medium-slow,None,grassland,generation-ii
156,quilava,1,45,70,FALSE,FALSE,FALSE,FALSE,FALSE,medium-slow,cyndaquil,grassland,generation-ii
157,typhlosion,1,45,70,FALSE,FALSE,FALSE,FALSE,FALSE,medium-slow,quilava,grassland,generation-ii
158,totodile,1,45,70,FALSE,FALSE,FALSE,FALSE,FALSE,medium-slow,None,waters-edge,generation-ii
159,croconaw,1,45,70,FALSE,FALSE,FALSE,FALSE,FALSE,medium-slow,totodile,waters-edge,generation-ii
160,feraligatr,1,45,70,FALSE,FALSE,FALSE,FALSE,FALSE,medium-slow,croconaw,waters-edge,generation-ii
161,sentret,4,255,70,FALSE,FALSE,FALSE,FALSE,FALSE,medium,None,grassland,generation-ii
162,furret,4,90,70,FALSE,FALSE,FALSE,FALSE,FALSE,medium,sentret,grassland,generation-ii
163,hoothoot,4,255,70,FALSE,FALSE,FALSE,FALSE,FALSE,medium,None,forest,generation-ii
164,noctowl,4,90,70,FALSE,FALSE,FALSE,FALSE,FALSE,medium,hoothoot,forest,generation-ii
165,ledyba,4,255,70,FALSE,FALSE,FALSE,TRUE,FALSE,fast,None,forest,generation-ii
166,ledian,4,90,70,FALSE,FALSE,FALSE,TRUE,FALSE,fast,ledyba,forest,generation-ii
167,spinarak,4,255,70,FALSE,FALSE,FALSE,FALSE,FALSE,fast,None,forest,generation-ii
168,ariados,4,90,70,FALSE,FALSE,FALSE,FALSE,FALSE,fast,spinarak,forest,generation-ii
169,crobat,4,90,70,FALSE,FALSE,FALSE,FALSE,FALSE,medium,golbat,cave,generation-ii
170,chinchou,4,190,70,FALSE,FALSE,FALSE,FALSE,FALSE,slow,None,sea,generation-ii
171,lanturn,4,75,70,FALSE,FALSE,FALSE,FALSE,FALSE,slow,chinchou,sea,generation-ii
172,pichu,4,190,70,TRUE,FALSE,FALSE,FALSE,FALSE,medium,None,forest,generation-ii
173,cleffa,6,150,140,TRUE,FALSE,FALSE,FALSE,FALSE,fast,None,mountain,generation-ii
174,igglybuff,6,170,70,TRUE,FALSE,FALSE,FALSE,FALSE,fast,None,grassland,generation-ii
175,togepi,1,190,70,TRUE,FALSE,FALSE,FALSE,FALSE,fast,None,forest,generation-ii
176,togetic,1,75,70,FALSE,FALSE,FALSE,FALSE,FALSE,fast,togepi,forest,generation-ii
177,natu,4,190,70,FALSE,FALSE,FALSE,FALSE,FALSE,medium,None,forest,generation-ii
178,xatu,4,75,70,FALSE,FALSE,FALSE,TRUE,FALSE,medium,natu,forest,generation-ii
179,mareep,4,235,70,FALSE,FALSE,FALSE,FALSE,FALSE,medium-slow,None,grassland,generation-ii
180,flaaffy,4,120,70,FALSE,FALSE,FALSE,FALSE,FALSE,medium-slow,mareep,grassland,generation-ii
181,ampharos,4,45,70,FALSE,FALSE,FALSE,FALSE,TRUE,medium-slow,flaaffy,grassland,generation-ii
182,bellossom,4,45,70,FALSE,FALSE,FALSE,FALSE,FALSE,medium-slow,gloom,grassland,generation-ii
183,marill,4,190,70,FALSE,FALSE,FALSE,FALSE,FALSE,fast,azurill,waters-edge,generation-ii
184,azumarill,4,75,70,FALSE,FALSE,FALSE,FALSE,FALSE,fast,marill,waters-edge,generation-ii
185,sudowoodo,4,65,70,FALSE,FALSE,FALSE,TRUE,FALSE,medium,bonsly,forest,generation-ii
186,politoed,4,45,70,FALSE,FALSE,FALSE,TRUE,FALSE,medium-slow,poliwhirl,waters-edge,generation-ii
187,hoppip,4,255,70,FALSE,FALSE,FALSE,FALSE,FALSE,medium-slow,None,grassland,generation-ii
188,skiploom,4,120,70,FALSE,FALSE,FALSE,FALSE,FALSE,medium-slow,hoppip,grassland,generation-ii
189,jumpluff,4,45,70,FALSE,FALSE,FALSE,FALSE,FALSE,medium-slow,skiploom,grassland,generation-ii
190,aipom,4,45,70,FALSE,FALSE,FALSE,TRUE,FALSE,fast,None,forest,generation-ii
191,sunkern,4,235,70,FALSE,FALSE,FALSE,FALSE,FALSE,medium-slow,None,grassland,generation-ii
192,sunflora,4,120,70,FALSE,FALSE,FALSE,FALSE,FALSE,medium-slow,sunkern,grassland,generation-ii
193,yanma,4,75,70,FALSE,FALSE,FALSE,FALSE,FALSE,medium,None,forest,generation-ii
194,wooper,4,255,70,FALSE,FALSE,FALSE,TRUE,FALSE,medium,None,waters-edge,generation-ii
195,quagsire,4,90,70,FALSE,FALSE,FALSE,TRUE,FALSE,medium,wooper,waters-edge,generation-ii
196,espeon,1,45,70,FALSE,FALSE,FALSE,FALSE,FALSE,medium,eevee,urban,generation-ii
197,umbreon,1,45,35,FALSE,FALSE,FALSE,FALSE,FALSE,medium,eevee,urban,generation-ii
198,murkrow,4,30,35,FALSE,FALSE,FALSE,TRUE,FALSE,medium-slow,None,forest,generation-ii
199,slowking,4,70,70,FALSE,FALSE,FALSE,FALSE,FALSE,medium,slowpoke,waters-edge,generation-ii
200,misdreavus,4,45,35,FALSE,FALSE,FALSE,FALSE,FALSE,fast,None,cave,generation-ii
201,unown,-1,225,70,FALSE,FALSE,FALSE,FALSE,FALSE,medium,None,rare,generation-ii
202,wobbuffet,4,45,70,FALSE,FALSE,FALSE,TRUE,FALSE,medium,wynaut,cave,generation-ii
203,girafarig,4,60,70,FALSE,FALSE,FALSE,TRUE,FALSE,medium,None,grassland,generation-ii
204,pineco,4,190,70,FALSE,FALSE,FALSE,FALSE,FALSE,medium,None,forest,generation-ii
205,forretress,4,75,70,FALSE,FALSE,FALSE,FALSE,FALSE,medium,pineco,forest,generation-ii
206,dunsparce,4,190,70,FALSE,FALSE,FALSE,FALSE,FALSE,medium,None,cave,generation-ii
207,gligar,4,60,70,FALSE,FALSE,FALSE,TRUE,FALSE,medium-slow,None,mountain,generation-ii
208,steelix,4,25,70,FALSE,FALSE,FALSE,TRUE,TRUE,medium,onix,cave,generation-ii
209,snubbull,6,190,70,FALSE,FALSE,FALSE,FALSE,FALSE,fast,None,urban,generation-ii
210,granbull,6,75,70,FALSE,FALSE,FALSE,FALSE,FALSE,fast,snubbull,urban,generation-ii
211,qwilfish,4,45,70,FALSE,FALSE,FALSE,FALSE,FALSE,medium,None,sea,generation-ii
212,scizor,4,25,70,FALSE,FALSE,FALSE,TRUE,TRUE,medium,scyther,grassland,generation-ii
213,shuckle,4,190,70,FALSE,FALSE,FALSE,FALSE,FALSE,medium-slow,None,mountain,generation-ii
214,heracross,4,45,70,FALSE,FALSE,FALSE,TRUE,TRUE,slow,None,forest,generation-ii
215,sneasel,4,60,35,FALSE,FALSE,FALSE,TRUE,FALSE,medium-slow,None,forest,generation-ii
216,teddiursa,4,120,70,FALSE,FALSE,FALSE,FALSE,FALSE,medium,None,mountain,generation-ii
217,ursaring,4,60,70,FALSE,FALSE,FALSE,TRUE,FALSE,medium,teddiursa,mountain,generation-ii
218,slugma,4,190,70,FALSE,FALSE,FALSE,FALSE,FALSE,medium,None,mountain,generation-ii
219,magcargo,4,75,70,FALSE,FALSE,FALSE,FALSE,FALSE,medium,slugma,mountain,generation-ii
220,swinub,4,225,70,FALSE,FALSE,FALSE,FALSE,FALSE,slow,None,cave,generation-ii
221,piloswine,4,75,70,FALSE,FALSE,FALSE,TRUE,FALSE,slow,swinub,cave,generation-ii
222,corsola,6,60,70,FALSE,FALSE,FALSE,FALSE,FALSE,fast,None,sea,generation-ii
223,remoraid,4,190,70,FALSE,FALSE,FALSE,FALSE,FALSE,medium,None,sea,generation-ii
224,octillery,4,75,70,FALSE,FALSE,FALSE,TRUE,FALSE,medium,remoraid,sea,generation-ii
225,delibird,4,45,70,FALSE,FALSE,FALSE,FALSE,FALSE,fast,None,mountain,generation-ii
226,mantine,4,25,70,FALSE,FALSE,FALSE,FALSE,FALSE,slow,mantyke,sea,generation-ii
227,skarmory,4,25,70,FALSE,FALSE,FALSE,FALSE,FALSE,slow,None,rough-terrain,generation-ii
228,houndour,4,120,35,FALSE,FALSE,FALSE,FALSE,FALSE,slow,None,rough-terrain,generation-ii
229,houndoom,4,45,35,FALSE,FALSE,FALSE,TRUE,TRUE,slow,houndour,rough-terrain,generation-ii
230,kingdra,4,45,70,FALSE,FALSE,FALSE,FALSE,FALSE,medium,seadra,sea,generation-ii
231,phanpy,4,120,70,FALSE,FALSE,FALSE,FALSE,FALSE,medium,None,rough-terrain,generation-ii
232,donphan,4,60,70,FALSE,FALSE,FALSE,TRUE,FALSE,medium,phanpy,rough-terrain,generation-ii
233,porygon2,-1,45,70,FALSE,FALSE,FALSE,FALSE,FALSE,medium,porygon,urban,generation-ii
234,stantler,4,45,70,FALSE,FALSE,FALSE,FALSE,FALSE,slow,None,forest,generation-ii
235,smeargle,4,45,70,FALSE,FALSE,FALSE,FALSE,FALSE,fast,None,urban,generation-ii
236,tyrogue,0,75,70,TRUE,FALSE,FALSE,FALSE,FALSE,medium,None,urban,generation-ii
237,hitmontop,0,45,70,FALSE,FALSE,FALSE,FALSE,FALSE,medium,tyrogue,urban,generation-ii
238,smoochum,8,45,70,TRUE,FALSE,FALSE,FALSE,FALSE,medium,None,urban,generation-ii
239,elekid,2,45,70,TRUE,FALSE,FALSE,FALSE,FALSE,medium,None,grassland,generation-ii
240,magby,2,45,70,TRUE,FALSE,FALSE,FALSE,FALSE,medium,None,mountain,generation-ii
241,miltank,8,45,70,FALSE,FALSE,FALSE,FALSE,FALSE,slow,None,grassland,generation-ii
242,blissey,8,30,140,FALSE,FALSE,FALSE,FALSE,FALSE,fast,chansey,urban,generation-ii
243,raikou,-1,3,35,FALSE,TRUE,FALSE,FALSE,FALSE,slow,None,grassland,generation-ii
244,entei,-1,3,35,FALSE,TRUE,FALSE,FALSE,FALSE,slow,None,grassland,generation-ii
245,suicune,-1,3,35,FALSE,TRUE,FALSE,FALSE,FALSE,slow,None,grassland,generation-ii
246,larvitar,4,45,35,FALSE,FALSE,FALSE,FALSE,FALSE,slow,None,mountain,generation-ii
247,pupitar,4,45,35,FALSE,FALSE,FALSE,FALSE,FALSE,slow,larvitar,mountain,generation-ii
248,tyranitar,4,45,35,FALSE,FALSE,FALSE,FALSE,TRUE,slow,pupitar,mountain,generation-ii
249,lugia,-1,3,0,FALSE,TRUE,FALSE,FALSE,FALSE,slow,None,rare,generation-ii
250,ho-oh,-1,3,0,FALSE,TRUE,FALSE,FALSE,FALSE,slow,None,rare,generation-ii
251,celebi,-1,45,100,FALSE,FALSE,TRUE,FALSE,FALSE,medium-slow,None,forest,generation-ii
252,treecko,1,45,70,FALSE,FALSE,FALSE,FALSE,FALSE,medium-slow,None,forest,generation-iii
253,grovyle,1,45,70,FALSE,FALSE,FALSE,FALSE,FALSE,medium-slow,treecko,forest,generation-iii
254,sceptile,1,45,70,FALSE,FALSE,FALSE,FALSE,TRUE,medium-slow,grovyle,forest,generation-iii
255,torchic,1,45,70,FALSE,FALSE,FALSE,TRUE,FALSE,medium-slow,None,grassland,generation-iii
256,combusken,1,45,70,FALSE,FALSE,FALSE,TRUE,FALSE,medium-slow,torchic,grassland,generation-iii
257,blaziken,1,45,70,FALSE,FALSE,FALSE,TRUE,TRUE,medium-slow,combusken,grassland,generation-iii
258,mudkip,1,45,70,FALSE,FALSE,FALSE,FALSE,FALSE,medium-slow,None,waters-edge,generation-iii
259,marshtomp,1,45,70,FALSE,FALSE,FALSE,FALSE,FALSE,medium-slow,mudkip,waters-edge,generation-iii
260,swampert,1,45,70,FALSE,FALSE,FALSE,FALSE,TRUE,medium-slow,marshtomp,waters-edge,generation-iii
261,poochyena,4,255,70,FALSE,FALSE,FALSE,FALSE,FALSE,medium,None,grassland,generation-iii
262,mightyena,4,127,70,FALSE,FALSE,FALSE,FALSE,FALSE,medium,poochyena,grassland,generation-iii
263,zigzagoon,4,255,70,FALSE,FALSE,FALSE,FALSE,FALSE,medium,None,grassland,generation-iii
264,linoone,4,90,70,FALSE,FALSE,FALSE,FALSE,FALSE,medium,zigzagoon,grassland,generation-iii
265,wurmple,4,255,70,FALSE,FALSE,FALSE,FALSE,FALSE,medium,None,forest,generation-iii
266,silcoon,4,120,70,FALSE,FALSE,FALSE,FALSE,FALSE,medium,wurmple,forest,generation-iii
267,beautifly,4,45,70,FALSE,FALSE,FALSE,TRUE,FALSE,medium,silcoon,forest,generation-iii
268,cascoon,4,120,70,FALSE,FALSE,FALSE,FALSE,FALSE,medium,wurmple,forest,generation-iii
269,dustox,4,45,70,FALSE,FALSE,FALSE,TRUE,FALSE,medium,cascoon,forest,generation-iii
270,lotad,4,255,70,FALSE,FALSE,FALSE,FALSE,FALSE,medium-slow,None,waters-edge,generation-iii
271,lombre,4,120,70,FALSE,FALSE,FALSE,FALSE,FALSE,medium-slow,lotad,waters-edge,generation-iii
272,ludicolo,4,45,70,FALSE,FALSE,FALSE,TRUE,FALSE,medium-slow,lombre,waters-edge,generation-iii
273,seedot,4,255,70,FALSE,FALSE,FALSE,FALSE,FALSE,medium-slow,None,forest,generation-iii
274,nuzleaf,4,120,70,FALSE,FALSE,FALSE,TRUE,FALSE,medium-slow,seedot,forest,generation-iii
275,shiftry,4,45,70,FALSE,FALSE,FALSE,TRUE,FALSE,medium-slow,nuzleaf,forest,generation-iii
276,taillow,4,200,70,FALSE,FALSE,FALSE,FALSE,FALSE,medium-slow,None,grassland,generation-iii
277,swellow,4,45,70,FALSE,FALSE,FALSE,FALSE,FALSE,medium-slow,taillow,grassland,generation-iii
278,wingull,4,190,70,FALSE,FALSE,FALSE,FALSE,FALSE,medium,None,sea,generation-iii
279,pelipper,4,45,70,FALSE,FALSE,FALSE,FALSE,FALSE,medium,wingull,sea,generation-iii
280,ralts,4,235,35,FALSE,FALSE,FALSE,FALSE,FALSE,slow,None,urban,generation-iii
281,kirlia,4,120,35,FALSE,FALSE,FALSE,FALSE,FALSE,slow,ralts,urban,generation-iii
282,gardevoir,4,45,35,FALSE,FALSE,FALSE,FALSE,TRUE,slow,kirlia,urban,generation-iii
283,surskit,4,200,70,FALSE,FALSE,FALSE,FALSE,FALSE,medium,None,waters-edge,generation-iii
284,masquerain,4,75,70,FALSE,FALSE,FALSE,FALSE,FALSE,medium,surskit,waters-edge,generation-iii
285,shroomish,4,255,70,FALSE,FALSE,FALSE,FALSE,FALSE,fast-then-very-slow,None,forest,generation-iii
286,breloom,4,90,70,FALSE,FALSE,FALSE,FALSE,FALSE,fast-then-very-slow,shroomish,forest,generation-iii
287,slakoth,4,255,70,FALSE,FALSE,FALSE,FALSE,FALSE,slow,None,forest,generation-iii
288,vigoroth,4,120,70,FALSE,FALSE,FALSE,FALSE,FALSE,slow,slakoth,forest,generation-iii
289,slaking,4,45,70,FALSE,FALSE,FALSE,FALSE,FALSE,slow,vigoroth,forest,generation-iii
290,nincada,4,255,70,FALSE,FALSE,FALSE,FALSE,FALSE,slow-then-very-fast,None,forest,generation-iii
291,ninjask,4,120,70,FALSE,FALSE,FALSE,FALSE,FALSE,slow-then-very-fast,nincada,forest,generation-iii
292,shedinja,-1,45,70,FALSE,FALSE,FALSE,FALSE,FALSE,slow-then-very-fast,nincada,forest,generation-iii
293,whismur,4,190,70,FALSE,FALSE,FALSE,FALSE,FALSE,medium-slow,None,cave,generation-iii
294,loudred,4,120,70,FALSE,FALSE,FALSE,FALSE,FALSE,medium-slow,whismur,cave,generation-iii
295,exploud,4,45,70,FALSE,FALSE,FALSE,FALSE,FALSE,medium-slow,loudred,cave,generation-iii
296,makuhita,2,180,70,FALSE,FALSE,FALSE,FALSE,FALSE,fast-then-very-slow,None,mountain,generation-iii
297,hariyama,2,200,70,FALSE,FALSE,FALSE,FALSE,FALSE,fast-then-very-slow,makuhita,mountain,generation-iii
298,azurill,6,150,70,TRUE,FALSE,FALSE,FALSE,FALSE,fast,None,waters-edge,generation-iii
299,nosepass,4,255,70,FALSE,FALSE,FALSE,FALSE,FALSE,medium,None,cave,generation-iii
300,skitty,6,255,70,FALSE,FALSE,FALSE,FALSE,FALSE,fast,None,forest,generation-iii
301,delcatty,6,60,70,FALSE,FALSE,FALSE,FALSE,FALSE,fast,skitty,forest,generation-iii
302,sableye,4,45,35,FALSE,FALSE,FALSE,FALSE,TRUE,medium-slow,None,cave,generation-iii
303,mawile,4,45,70,FALSE,FALSE,FALSE,FALSE,TRUE,fast,None,cave,generation-iii
304,aron,4,180,35,FALSE,FALSE,FALSE,FALSE,FALSE,slow,None,mountain,generation-iii
305,lairon,4,90,35,FALSE,FALSE,FALSE,FALSE,FALSE,slow,aron,mountain,generation-iii
306,aggron,4,45,35,FALSE,FALSE,FALSE,FALSE,TRUE,slow,lairon,mountain,generation-iii
307,meditite,4,180,70,FALSE,FALSE,FALSE,TRUE,FALSE,medium,None,mountain,generation-iii
308,medicham,4,90,70,FALSE,FALSE,FALSE,TRUE,TRUE,medium,meditite,mountain,generation-iii
309,electrike,4,120,70,FALSE,FALSE,FALSE,FALSE,FALSE,slow,None,grassland,generation-iii
310,manectric,4,45,70,FALSE,FALSE,FALSE,FALSE,TRUE,slow,electrike,grassland,generation-iii
311,plusle,4,200,70,FALSE,FALSE,FALSE,FALSE,FALSE,medium,None,grassland,generation-iii
312,minun,4,200,70,FALSE,FALSE,FALSE,FALSE,FALSE,medium,None,grassland,generation-iii
313,volbeat,0,150,70,FALSE,FALSE,FALSE,FALSE,FALSE,slow-then-very-fast,None,forest,generation-iii
314,illumise,8,150,70,FALSE,FALSE,FALSE,FALSE,FALSE,fast-then-very-slow,None,forest,generation-iii
315,roselia,4,150,70,FALSE,FALSE,FALSE,TRUE,FALSE,medium-slow,budew,grassland,generation-iii
316,gulpin,4,225,70,FALSE,FALSE,FALSE,TRUE,FALSE,fast-then-very-slow,None,grassland,generation-iii
317,swalot,4,75,70,FALSE,FALSE,FALSE,TRUE,FALSE,fast-then-very-slow,gulpin,grassland,generation-iii
318,carvanha,4,225,35,FALSE,FALSE,FALSE,FALSE,FALSE,slow,None,sea,generation-iii
319,sharpedo,4,60,35,FALSE,FALSE,FALSE,FALSE,TRUE,slow,carvanha,sea,generation-iii
320,wailmer,4,125,70,FALSE,FALSE,FALSE,FALSE,FALSE,fast-then-very-slow,None,sea,generation-iii
321,wailord,4,60,70,FALSE,FALSE,FALSE,FALSE,FALSE,fast-then-very-slow,wailmer,sea,generation-iii
322,numel,4,255,70,FALSE,FALSE,FALSE,TRUE,FALSE,medium,None,mountain,generation-iii
323,camerupt,4,150,70,FALSE,FALSE,FALSE,TRUE,TRUE,medium,numel,mountain,generation-iii
324,torkoal,4,90,70,FALSE,FALSE,FALSE,FALSE,FALSE,medium,None,mountain,generation-iii
325,spoink,4,255,70,FALSE,FALSE,FALSE,FALSE,FALSE,fast,None,mountain,generation-iii
326,grumpig,4,60,70,FALSE,FALSE,FALSE,FALSE,FALSE,fast,spoink,mountain,generation-iii
327,spinda,4,255,70,FALSE,FALSE,FALSE,FALSE,FALSE,fast,None,mountain,generation-iii
328,trapinch,4,255,70,FALSE,FALSE,FALSE,FALSE,FALSE,medium-slow,None,rough-terrain,generation-iii
329,vibrava,4,120,70,FALSE,FALSE,FALSE,FALSE,FALSE,medium-slow,trapinch,rough-terrain,generation-iii
330,flygon,4,45,70,FALSE,FALSE,FALSE,FALSE,FALSE,medium-slow,vibrava,rough-terrain,generation-iii
331,cacnea,4,190,35,FALSE,FALSE,FALSE,FALSE,FALSE,medium-slow,None,rough-terrain,generation-iii
332,cacturne,4,60,35,FALSE,FALSE,FALSE,TRUE,FALSE,medium-slow,cacnea,rough-terrain,generation-iii
333,swablu,4,255,70,FALSE,FALSE,FALSE,FALSE,FALSE,slow-then-very-fast,None,forest,generation-iii
334,altaria,4,45,70,FALSE,FALSE,FALSE,FALSE,TRUE,slow-then-very-fast,swablu,forest,generation-iii
335,zangoose,4,90,70,FALSE,FALSE,FALSE,FALSE,FALSE,slow-then-very-fast,None,grassland,generation-iii
336,seviper,4,90,70,FALSE,FALSE,FALSE,FALSE,FALSE,fast-then-very-slow,None,grassland,generation-iii
337,lunatone,-1,45,70,FALSE,FALSE,FALSE,FALSE,FALSE,fast,None,cave,generation-iii
338,solrock,-1,45,70,FALSE,FALSE,FALSE,FALSE,FALSE,fast,None,cave,generation-iii
339,barboach,4,190,70,FALSE,FALSE,FALSE,FALSE,FALSE,medium,None,waters-edge,generation-iii
340,whiscash,4,75,70,FALSE,FALSE,FALSE,FALSE,FALSE,medium,barboach,waters-edge,generation-iii
341,corphish,4,205,70,FALSE,FALSE,FALSE,FALSE,FALSE,fast-then-very-slow,None,waters-edge,generation-iii
342,crawdaunt,4,155,70,FALSE,FALSE,FALSE,FALSE,FALSE,fast-then-very-slow,corphish,waters-edge,generation-iii
343,baltoy,-1,255,70,FALSE,FALSE,FALSE,FALSE,FALSE,medium,None,rough-terrain,generation-iii
344,claydol,-1,90,70,FALSE,FALSE,FALSE,FALSE,FALSE,medium,baltoy,rough-terrain,generation-iii
345,lileep,1,45,70,FALSE,FALSE,FALSE,FALSE,FALSE,slow-then-very-fast,None,sea,generation-iii
346,cradily,1,45,70,FALSE,FALSE,FALSE,FALSE,FALSE,slow-then-very-fast,lileep,sea,generation-iii
347,anorith,1,45,70,FALSE,FALSE,FALSE,FALSE,FALSE,slow-then-very-fast,None,waters-edge,generation-iii
348,armaldo,1,45,70,FALSE,FALSE,FALSE,FALSE,FALSE,slow-then-very-fast,anorith,waters-edge,generation-iii
349,feebas,4,255,70,FALSE,FALSE,FALSE,FALSE,FALSE,slow-then-very-fast,None,waters-edge,generation-iii
350,milotic,4,60,70,FALSE,FALSE,FALSE,TRUE,FALSE,slow-then-very-fast,feebas,waters-edge,generation-iii
351,castform,4,45,70,FALSE,FALSE,FALSE,FALSE,TRUE,medium,None,grassland,generation-iii
352,kecleon,4,200,70,FALSE,FALSE,FALSE,FALSE,FALSE,medium-slow,None,forest,generation-iii
353,shuppet,4,225,35,FALSE,FALSE,FALSE,FALSE,FALSE,fast,None,urban,generation-iii
354,banette,4,45,35,FALSE,FALSE,FALSE,FALSE,TRUE,fast,shuppet,urban,generation-iii
355,duskull,4,190,35,FALSE,FALSE,FALSE,FALSE,FALSE,fast,None,forest,generation-iii
356,dusclops,4,90,35,FALSE,FALSE,FALSE,FALSE,FALSE,fast,duskull,forest,generation-iii
357,tropius,4,200,70,FALSE,FALSE,FALSE,FALSE,FALSE,slow,None,forest,generation-iii
358,chimecho,4,45,70,FALSE,FALSE,FALSE,FALSE,FALSE,fast,chingling,grassland,generation-iii
359,absol,4,30,35,FALSE,FALSE,FALSE,FALSE,TRUE,medium-slow,None,mountain,generation-iii
360,wynaut,4,125,70,TRUE,FALSE,FALSE,FALSE,FALSE,medium,None,cave,generation-iii
361,snorunt,4,190,70,FALSE,FALSE,FALSE,FALSE,FALSE,medium,None,cave,generation-iii
362,glalie,4,75,70,FALSE,FALSE,FALSE,FALSE,TRUE,medium,snorunt,cave,generation-iii
363,spheal,4,255,70,FALSE,FALSE,FALSE,FALSE,FALSE,medium-slow,None,sea,generation-iii
364,sealeo,4,120,70,FALSE,FALSE,FALSE,FALSE,FALSE,medium-slow,spheal,sea,generation-iii
365,walrein,4,45,70,FALSE,FALSE,FALSE,FALSE,FALSE,medium-slow,sealeo,sea,generation-iii
366,clamperl,4,255,70,FALSE,FALSE,FALSE,FALSE,FALSE,slow-then-very-fast,None,sea,generation-iii
367,huntail,4,60,70,FALSE,FALSE,FALSE,FALSE,FALSE,slow-then-very-fast,clamperl,sea,generation-iii
368,gorebyss,4,60,70,FALSE,FALSE,FALSE,FALSE,FALSE,slow-then-very-fast,clamperl,sea,generation-iii
369,relicanth,1,25,70,FALSE,FALSE,FALSE,TRUE,FALSE,slow,None,sea,generation-iii
370,luvdisc,6,225,70,FALSE,FALSE,FALSE,FALSE,FALSE,fast,None,sea,generation-iii
371,bagon,4,45,35,FALSE,FALSE,FALSE,FALSE,FALSE,slow,None,rough-terrain,generation-iii
372,shelgon,4,45,35,FALSE,FALSE,FALSE,FALSE,FALSE,slow,bagon,rough-terrain,generation-iii
373,salamence,4,45,35,FALSE,FALSE,FALSE,FALSE,TRUE,slow,shelgon,rough-terrain,generation-iii
374,beldum,-1,3,35,FALSE,FALSE,FALSE,FALSE,FALSE,slow,None,rough-terrain,generation-iii
375,metang,-1,3,35,FALSE,FALSE,FALSE,FALSE,FALSE,slow,beldum,rough-terrain,generation-iii
376,metagross,-1,3,35,FALSE,FALSE,FALSE,FALSE,TRUE,slow,metang,rough-terrain,generation-iii
377,regirock,-1,3,35,FALSE,TRUE,FALSE,FALSE,FALSE,slow,None,cave,generation-iii
378,regice,-1,3,35,FALSE,TRUE,FALSE,FALSE,FALSE,slow,None,cave,generation-iii
379,registeel,-1,3,35,FALSE,TRUE,FALSE,FALSE,FALSE,slow,None,cave,generation-iii
380,latias,8,3,90,FALSE,TRUE,FALSE,FALSE,TRUE,slow,None,waters-edge,generation-iii
381,latios,0,3,90,FALSE,TRUE,FALSE,FALSE,TRUE,slow,None,waters-edge,generation-iii
382,kyogre,-1,3,0,FALSE,TRUE,FALSE,FALSE,TRUE,slow,None,sea,generation-iii
383,groudon,-1,3,0,FALSE,TRUE,FALSE,FALSE,TRUE,slow,None,rough-terrain,generation-iii
384,rayquaza,-1,45,0,FALSE,TRUE,FALSE,FALSE,TRUE,slow,None,rare,generation-iii
385,jirachi,-1,3,100,FALSE,FALSE,TRUE,FALSE,FALSE,slow,None,mountain,generation-iii
386,deoxys,-1,3,0,FALSE,FALSE,TRUE,FALSE,TRUE,slow,None,rare,generation-iii
387,turtwig,1,45,70,FALSE,FALSE,FALSE,FALSE,FALSE,medium-slow,None,None,generation-iv
388,grotle,1,45,70,FALSE,FALSE,FALSE,FALSE,FALSE,medium-slow,turtwig,None,generation-iv
389,torterra,1,45,70,FALSE,FALSE,FALSE,FALSE,FALSE,medium-slow,grotle,None,generation-iv
390,chimchar,1,45,70,FALSE,FALSE,FALSE,FALSE,FALSE,medium-slow,None,None,generation-iv
391,monferno,1,45,70,FALSE,FALSE,FALSE,FALSE,FALSE,medium-slow,chimchar,None,generation-iv
392,infernape,1,45,70,FALSE,FALSE,FALSE,FALSE,FALSE,medium-slow,monferno,None,generation-iv
393,piplup,1,45,70,FALSE,FALSE,FALSE,FALSE,FALSE,medium-slow,None,None,generation-iv
394,prinplup,1,45,70,FALSE,FALSE,FALSE,FALSE,FALSE,medium-slow,piplup,None,generation-iv
395,empoleon,1,45,70,FALSE,FALSE,FALSE,FALSE,FALSE,medium-slow,prinplup,None,generation-iv
396,starly,4,255,70,FALSE,FALSE,FALSE,TRUE,FALSE,medium-slow,None,None,generation-iv
397,staravia,4,120,70,FALSE,FALSE,FALSE,TRUE,FALSE,medium-slow,starly,None,generation-iv
398,staraptor,4,45,70,FALSE,FALSE,FALSE,TRUE,FALSE,medium-slow,staravia,None,generation-iv
399,bidoof,4,255,70,FALSE,FALSE,FALSE,TRUE,FALSE,medium,None,None,generation-iv
400,bibarel,4,127,70,FALSE,FALSE,FALSE,TRUE,FALSE,medium,bidoof,None,generation-iv
401,kricketot,4,255,70,FALSE,FALSE,FALSE,TRUE,FALSE,medium-slow,None,None,generation-iv
402,kricketune,4,45,70,FALSE,FALSE,FALSE,TRUE,FALSE,medium-slow,kricketot,None,generation-iv
403,shinx,4,235,70,FALSE,FALSE,FALSE,TRUE,FALSE,medium-slow,None,None,generation-iv
404,luxio,4,120,100,FALSE,FALSE,FALSE,TRUE,FALSE,medium-slow,shinx,None,generation-iv
405,luxray,4,45,70,FALSE,FALSE,FALSE,TRUE,FALSE,medium-slow,luxio,None,generation-iv
406,budew,4,255,70,TRUE,FALSE,FALSE,FALSE,FALSE,medium-slow,None,None,generation-iv
407,roserade,4,75,70,FALSE,FALSE,FALSE,TRUE,FALSE,medium-slow,roselia,None,generation-iv
408,cranidos,1,45,70,FALSE,FALSE,FALSE,FALSE,FALSE,slow-then-very-fast,None,None,generation-iv
409,rampardos,1,45,70,FALSE,FALSE,FALSE,FALSE,FALSE,slow-then-very-fast,cranidos,None,generation-iv
410,shieldon,1,45,70,FALSE,FALSE,FALSE,FALSE,FALSE,slow-then-very-fast,None,None,generation-iv
411,bastiodon,1,45,70,FALSE,FALSE,FALSE,FALSE,FALSE,slow-then-very-fast,shieldon,None,generation-iv
412,burmy,4,120,70,FALSE,FALSE,FALSE,FALSE,TRUE,medium,None,None,generation-iv
413,wormadam,8,45,70,FALSE,FALSE,FALSE,FALSE,FALSE,medium,burmy,None,generation-iv
414,mothim,0,45,70,FALSE,FALSE,FALSE,FALSE,FALSE,medium,burmy,None,generation-iv
415,combee,1,120,70,FALSE,FALSE,FALSE,TRUE,FALSE,medium-slow,None,None,generation-iv
416,vespiquen,8,45,70,FALSE,FALSE,FALSE,FALSE,FALSE,medium-slow,combee,None,generation-iv
417,pachirisu,4,200,100,FALSE,FALSE,FALSE,TRUE,FALSE,medium,None,None,generation-iv
418,buizel,4,190,70,FALSE,FALSE,FALSE,TRUE,FALSE,medium,None,None,generation-iv
419,floatzel,4,75,70,FALSE,FALSE,FALSE,TRUE,FALSE,medium,buizel,None,generation-iv
420,cherubi,4,190,70,FALSE,FALSE,FALSE,FALSE,FALSE,medium,None,None,generation-iv
421,cherrim,4,75,70,FALSE,FALSE,FALSE,FALSE,TRUE,medium,cherubi,None,generation-iv
422,shellos,4,190,70,FALSE,FALSE,FALSE,FALSE,FALSE,medium,None,None,generation-iv
423,gastrodon,4,75,70,FALSE,FALSE,FALSE,FALSE,FALSE,medium,shellos,None,generation-iv
424,ambipom,4,45,100,FALSE,FALSE,FALSE,TRUE,FALSE,fast,aipom,None,generation-iv
425,drifloon,4,125,70,FALSE,FALSE,FALSE,FALSE,FALSE,fast-then-very-slow,None,None,generation-iv
426,drifblim,4,60,70,FALSE,FALSE,FALSE,FALSE,FALSE,fast-then-very-slow,drifloon,None,generation-iv
427,buneary,4,190,0,FALSE,FALSE,FALSE,FALSE,FALSE,medium,None,None,generation-iv
428,lopunny,4,60,140,FALSE,FALSE,FALSE,FALSE,TRUE,medium,buneary,None,generation-iv
429,mismagius,4,45,35,FALSE,FALSE,FALSE,FALSE,FALSE,fast,misdreavus,None,generation-iv
430,honchkrow,4,30,35,FALSE,FALSE,FALSE,FALSE,FALSE,medium-slow,murkrow,None,generation-iv
431,glameow,6,190,70,FALSE,FALSE,FALSE,FALSE,FALSE,fast,None,None,generation-iv
432,purugly,6,75,70,FALSE,FALSE,FALSE,FALSE,FALSE,fast,glameow,None,generation-iv
433,chingling,4,120,70,TRUE,FALSE,FALSE,FALSE,FALSE,fast,None,None,generation-iv
434,stunky,4,225,70,FALSE,FALSE,FALSE,FALSE,FALSE,medium,None,None,generation-iv
435,skuntank,4,60,70,FALSE,FALSE,FALSE,FALSE,FALSE,medium,stunky,None,generation-iv
436,bronzor,-1,255,70,FALSE,FALSE,FALSE,FALSE,FALSE,medium,None,None,generation-iv
437,bronzong,-1,90,70,FALSE,FALSE,FALSE,FALSE,FALSE,medium,bronzor,None,generation-iv
438,bonsly,4,255,70,TRUE,FALSE,FALSE,FALSE,FALSE,medium,None,None,generation-iv
439,mime-jr,4,145,70,TRUE,FALSE,FALSE,FALSE,FALSE,medium,None,None,generation-iv
440,happiny,8,130,140,TRUE,FALSE,FALSE,FALSE,FALSE,fast,None,None,generation-iv
441,chatot,4,30,35,FALSE,FALSE,FALSE,FALSE,FALSE,medium-slow,None,None,generation-iv
442,spiritomb,4,100,70,FALSE,FALSE,FALSE,FALSE,FALSE,medium,None,None,generation-iv
443,gible,4,45,70,FALSE,FALSE,FALSE,TRUE,FALSE,slow,None,None,generation-iv
444,gabite,4,45,70,FALSE,FALSE,FALSE,TRUE,FALSE,slow,gible,None,generation-iv
445,garchomp,4,45,70,FALSE,FALSE,FALSE,TRUE,TRUE,slow,gabite,None,generation-iv
446,munchlax,1,50,70,TRUE,FALSE,FALSE,FALSE,FALSE,slow,None,None,generation-iv
447,riolu,1,75,70,TRUE,FALSE,FALSE,FALSE,FALSE,medium-slow,None,None,generation-iv
448,lucario,1,45,70,FALSE,FALSE,FALSE,FALSE,TRUE,medium-slow,riolu,None,generation-iv
449,hippopotas,4,140,70,FALSE,FALSE,FALSE,TRUE,FALSE,slow,None,None,generation-iv
450,hippowdon,4,60,70,FALSE,FALSE,FALSE,TRUE,FALSE,slow,hippopotas,None,generation-iv
451,skorupi,4,120,70,FALSE,FALSE,FALSE,FALSE,FALSE,slow,None,None,generation-iv
452,drapion,4,45,70,FALSE,FALSE,FALSE,FALSE,FALSE,slow,skorupi,None,generation-iv
453,croagunk,4,140,100,FALSE,FALSE,FALSE,TRUE,FALSE,medium,None,None,generation-iv
454,toxicroak,4,75,70,FALSE,FALSE,FALSE,TRUE,FALSE,medium,croagunk,None,generation-iv
455,carnivine,4,200,70,FALSE,FALSE,FALSE,FALSE,FALSE,slow,None,None,generation-iv
456,finneon,4,190,70,FALSE,FALSE,FALSE,TRUE,FALSE,slow-then-very-fast,None,None,generation-iv
457,lumineon,4,75,70,FALSE,FALSE,FALSE,TRUE,FALSE,slow-then-very-fast,finneon,None,generation-iv
458,mantyke,4,25,70,TRUE,FALSE,FALSE,FALSE,FALSE,slow,None,None,generation-iv
459,snover,4,120,70,FALSE,FALSE,FALSE,TRUE,FALSE,slow,None,None,generation-iv
460,abomasnow,4,60,70,FALSE,FALSE,FALSE,TRUE,TRUE,slow,snover,None,generation-iv
461,weavile,4,45,35,FALSE,FALSE,FALSE,TRUE,FALSE,medium-slow,sneasel,None,generation-iv
462,magnezone,-1,30,70,FALSE,FALSE,FALSE,FALSE,FALSE,medium,magneton,None,generation-iv
463,lickilicky,4,30,70,FALSE,FALSE,FALSE,FALSE,FALSE,medium,lickitung,None,generation-iv
464,rhyperior,4,30,70,FALSE,FALSE,FALSE,TRUE,FALSE,slow,rhydon,None,generation-iv
465,tangrowth,4,30,70,FALSE,FALSE,FALSE,TRUE,FALSE,medium,tangela,None,generation-iv
466,electivire,2,30,70,FALSE,FALSE,FALSE,FALSE,FALSE,medium,electabuzz,None,generation-iv
467,magmortar,2,30,70,FALSE,FALSE,FALSE,FALSE,FALSE,medium,magmar,None,generation-iv
468,togekiss,1,30,70,FALSE,FALSE,FALSE,FALSE,FALSE,fast,togetic,None,generation-iv
469,yanmega,4,30,70,FALSE,FALSE,FALSE,FALSE,FALSE,medium,yanma,None,generation-iv
470,leafeon,1,45,35,FALSE,FALSE,FALSE,FALSE,FALSE,medium,eevee,None,generation-iv
471,glaceon,1,45,35,FALSE,FALSE,FALSE,FALSE,FALSE,medium,eevee,None,generation-iv
472,gliscor,4,30,70,FALSE,FALSE,FALSE,FALSE,FALSE,medium-slow,gligar,None,generation-iv
473,mamoswine,4,50,70,FALSE,FALSE,FALSE,TRUE,FALSE,slow,piloswine,None,generation-iv
474,porygon-z,-1,30,70,FALSE,FALSE,FALSE,FALSE,FALSE,medium,porygon2,None,generation-iv
475,gallade,0,45,35,FALSE,FALSE,FALSE,FALSE,TRUE,slow,kirlia,None,generation-iv
476,probopass,4,60,70,FALSE,FALSE,FALSE,FALSE,FALSE,medium,nosepass,None,generation-iv
477,dusknoir,4,45,35,FALSE,FALSE,FALSE,FALSE,FALSE,fast,dusclops,None,generation-iv
478,froslass,8,75,70,FALSE,FALSE,FALSE,FALSE,FALSE,medium,snorunt,None,generation-iv
479,rotom,-1,45,70,FALSE,FALSE,FALSE,FALSE,TRUE,medium,None,None,generation-iv
480,uxie,-1,3,140,FALSE,TRUE,FALSE,FALSE,FALSE,slow,None,None,generation-iv
481,mesprit,-1,3,140,FALSE,TRUE,FALSE,FALSE,FALSE,slow,None,None,generation-iv
482,azelf,-1,3,140,FALSE,TRUE,FALSE,FALSE,FALSE,slow,None,None,generation-iv
483,dialga,-1,3,0,FALSE,TRUE,FALSE,FALSE,FALSE,slow,None,None,generation-iv
484,palkia,-1,3,0,FALSE,TRUE,FALSE,FALSE,FALSE,slow,None,None,generation-iv
485,heatran,4,3,100,FALSE,TRUE,FALSE,FALSE,FALSE,slow,None,None,generation-iv
486,regigigas,-1,3,0,FALSE,TRUE,FALSE,FALSE,FALSE,slow,None,None,generation-iv
487,giratina,-1,3,0,FALSE,TRUE,FALSE,FALSE,TRUE,slow,None,None,generation-iv
488,cresselia,8,3,100,FALSE,TRUE,FALSE,FALSE,FALSE,slow,None,None,generation-iv
489,phione,-1,30,70,FALSE,FALSE,TRUE,FALSE,FALSE,slow,None,None,generation-iv
490,manaphy,-1,3,70,FALSE,FALSE,TRUE,FALSE,FALSE,slow,None,None,generation-iv
491,darkrai,-1,3,0,FALSE,FALSE,TRUE,FALSE,FALSE,slow,None,None,generation-iv
492,shaymin,-1,45,100,FALSE,FALSE,TRUE,FALSE,TRUE,medium-slow,None,None,generation-iv
493,arceus,-1,3,0,FALSE,FALSE,TRUE,FALSE,TRUE,slow,None,None,generation-iv
494,victini,-1,3,100,FALSE,FALSE,TRUE,FALSE,FALSE,slow,None,None,generation-v
495,snivy,1,45,70,FALSE,FALSE,FALSE,FALSE,FALSE,medium-slow,None,None,generation-v
496,servine,1,45,70,FALSE,FALSE,FALSE,FALSE,FALSE,medium-slow,snivy,None,generation-v
497,serperior,1,45,70,FALSE,FALSE,FALSE,FALSE,FALSE,medium-slow,servine,None,generation-v
498,tepig,1,45,70,FALSE,FALSE,FALSE,FALSE,FALSE,medium-slow,None,None,generation-v
499,pignite,1,45,70,FALSE,FALSE,FALSE,FALSE,FALSE,medium-slow,tepig,None,generation-v
500,emboar,1,45,70,FALSE,FALSE,FALSE,FALSE,FALSE,medium-slow,pignite,None,generation-v
501,oshawott,1,45,70,FALSE,FALSE,FALSE,FALSE,FALSE,medium-slow,None,None,generation-v
502,dewott,1,45,70,FALSE,FALSE,FALSE,FALSE,FALSE,medium-slow,oshawott,None,generation-v
503,samurott,1,45,70,FALSE,FALSE,FALSE,FALSE,FALSE,medium-slow,dewott,None,generation-v
504,patrat,4,255,70,FALSE,FALSE,FALSE,FALSE,FALSE,medium,None,None,generation-v
505,watchog,4,255,70,FALSE,FALSE,FALSE,FALSE,FALSE,medium,patrat,None,generation-v
506,lillipup,4,255,70,FALSE,FALSE,FALSE,FALSE,FALSE,medium-slow,None,None,generation-v
507,herdier,4,120,70,FALSE,FALSE,FALSE,FALSE,FALSE,medium-slow,lillipup,None,generation-v
508,stoutland,4,45,70,FALSE,FALSE,FALSE,FALSE,FALSE,medium-slow,herdier,None,generation-v
509,purrloin,4,255,70,FALSE,FALSE,FALSE,FALSE,FALSE,medium,None,None,generation-v
510,liepard,4,90,70,FALSE,FALSE,FALSE,FALSE,FALSE,medium,purrloin,None,generation-v
511,pansage,1,190,70,FALSE,FALSE,FALSE,FALSE,FALSE,medium,None,None,generation-v
512,simisage,1,75,70,FALSE,FALSE,FALSE,FALSE,FALSE,medium,pansage,None,generation-v
513,pansear,1,190,70,FALSE,FALSE,FALSE,FALSE,FALSE,medium,None,None,generation-v
514,simisear,1,75,70,FALSE,FALSE,FALSE,FALSE,FALSE,medium,pansear,None,generation-v
515,panpour,1,190,70,FALSE,FALSE,FALSE,FALSE,FALSE,medium,None,None,generation-v
516,simipour,1,75,70,FALSE,FALSE,FALSE,FALSE,FALSE,medium,panpour,None,generation-v
517,munna,4,190,70,FALSE,FALSE,FALSE,FALSE,FALSE,fast,None,None,generation-v
518,musharna,4,75,70,FALSE,FALSE,FALSE,FALSE,FALSE,fast,munna,None,generation-v
519,pidove,4,255,70,FALSE,FALSE,FALSE,FALSE,FALSE,medium-slow,None,None,generation-v
520,tranquill,4,120,70,FALSE,FALSE,FALSE,FALSE,FALSE,medium-slow,pidove,None,generation-v
521,unfezant,4,45,70,FALSE,FALSE,FALSE,TRUE,FALSE,medium-slow,tranquill,None,generation-v
522,blitzle,4,190,70,FALSE,FALSE,FALSE,FALSE,FALSE,medium,None,None,generation-v
523,zebstrika,4,75,70,FALSE,FALSE,FALSE,FALSE,FALSE,medium,blitzle,None,generation-v
524,roggenrola,4,255,70,FALSE,FALSE,FALSE,FALSE,FALSE,medium-slow,None,None,generation-v
525,boldore,4,120,70,FALSE,FALSE,FALSE,FALSE,FALSE,medium-slow,roggenrola,None,generation-v
526,gigalith,4,45,70,FALSE,FALSE,FALSE,FALSE,FALSE,medium-slow,boldore,None,generation-v
527,woobat,4,190,70,FALSE,FALSE,FALSE,FALSE,FALSE,medium,None,None,generation-v
528,swoobat,4,45,70,FALSE,FALSE,FALSE,FALSE,FALSE,medium,woobat,None,generation-v
529,drilbur,4,120,70,FALSE,FALSE,FALSE,FALSE,FALSE,medium,None,None,generation-v
530,excadrill,4,60,70,FALSE,FALSE,FALSE,FALSE,FALSE,medium,drilbur,None,generation-v
531,audino,4,255,70,FALSE,FALSE,FALSE,FALSE,TRUE,fast,None,None,generation-v
532,timburr,2,180,70,FALSE,FALSE,FALSE,FALSE,FALSE,medium-slow,None,None,generation-v
533,gurdurr,2,90,70,FALSE,FALSE,FALSE,FALSE,FALSE,medium-slow,timburr,None,generation-v
534,conkeldurr,2,45,70,FALSE,FALSE,FALSE,FALSE,FALSE,medium-slow,gurdurr,None,generation-v
535,tympole,4,255,70,FALSE,FALSE,FALSE,FALSE,FALSE,medium-slow,None,None,generation-v
536,palpitoad,4,120,70,FALSE,FALSE,FALSE,FALSE,FALSE,medium-slow,tympole,None,generation-v
537,seismitoad,4,45,70,FALSE,FALSE,FALSE,FALSE,FALSE,medium-slow,palpitoad,None,generation-v
538,throh,0,45,70,FALSE,FALSE,FALSE,FALSE,FALSE,medium,None,None,generation-v
539,sawk,0,45,70,FALSE,FALSE,FALSE,FALSE,FALSE,medium,None,None,generation-v
540,sewaddle,4,255,70,FALSE,FALSE,FALSE,FALSE,FALSE,medium-slow,None,None,generation-v
541,swadloon,4,120,70,FALSE,FALSE,FALSE,FALSE,FALSE,medium-slow,sewaddle,None,generation-v
542,leavanny,4,45,70,FALSE,FALSE,FALSE,FALSE,FALSE,medium-slow,swadloon,None,generation-v
543,venipede,4,255,70,FALSE,FALSE,FALSE,FALSE,FALSE,medium-slow,None,None,generation-v
544,whirlipede,4,120,70,FALSE,FALSE,FALSE,FALSE,FALSE,medium-slow,venipede,None,generation-v
545,scolipede,4,45,70,FALSE,FALSE,FALSE,FALSE,FALSE,medium-slow,whirlipede,None,generation-v
546,cottonee,4,190,70,FALSE,FALSE,FALSE,FALSE,FALSE,medium,None,None,generation-v
547,whimsicott,4,75,70,FALSE,FALSE,FALSE,FALSE,FALSE,medium,cottonee,None,generation-v
548,petilil,8,190,70,FALSE,FALSE,FALSE,FALSE,FALSE,medium,None,None,generation-v
549,lilligant,8,75,70,FALSE,FALSE,FALSE,FALSE,FALSE,medium,petilil,None,generation-v
550,basculin,4,25,70,FALSE,FALSE,FALSE,FALSE,FALSE,medium,None,None,generation-v
551,sandile,4,180,70,FALSE,FALSE,FALSE,FALSE,FALSE,medium-slow,None,None,generation-v
552,krokorok,4,90,70,FALSE,FALSE,FALSE,FALSE,FALSE,medium-slow,sandile,None,generation-v
553,krookodile,4,45,70,FALSE,FALSE,FALSE,FALSE,FALSE,medium-slow,krokorok,None,generation-v
554,darumaka,4,120,70,FALSE,FALSE,FALSE,FALSE,FALSE,medium-slow,None,None,generation-v
555,darmanitan,4,60,70,FALSE,FALSE,FALSE,FALSE,TRUE,medium-slow,darumaka,None,generation-v
556,maractus,4,255,70,FALSE,FALSE,FALSE,FALSE,FALSE,medium,None,None,generation-v
557,dwebble,4,190,70,FALSE,FALSE,FALSE,FALSE,FALSE,medium,None,None,generation-v
558,crustle,4,75,70,FALSE,FALSE,FALSE,FALSE,FALSE,medium,dwebble,None,generation-v
559,scraggy,4,180,35,FALSE,FALSE,FALSE,FALSE,FALSE,medium,None,None,generation-v
560,scrafty,4,90,70,FALSE,FALSE,FALSE,FALSE,FALSE,medium,scraggy,None,generation-v
561,sigilyph,4,45,70,FALSE,FALSE,FALSE,FALSE,FALSE,medium,None,None,generation-v
562,yamask,4,190,70,FALSE,FALSE,FALSE,FALSE,FALSE,medium,None,None,generation-v
563,cofagrigus,4,90,70,FALSE,FALSE,FALSE,FALSE,FALSE,medium,yamask,None,generation-v
564,tirtouga,1,45,70,FALSE,FALSE,FALSE,FALSE,FALSE,medium,None,None,generation-v
565,carracosta,1,45,70,FALSE,FALSE,FALSE,FALSE,FALSE,medium,tirtouga,None,generation-v
566,archen,1,45,70,FALSE,FALSE,FALSE,FALSE,FALSE,medium,None,None,generation-v
567,archeops,1,45,70,FALSE,FALSE,FALSE,FALSE,FALSE,medium,archen,None,generation-v
568,trubbish,4,190,70,FALSE,FALSE,FALSE,FALSE,FALSE,medium,None,None,generation-v
569,garbodor,4,60,70,FALSE,FALSE,FALSE,FALSE,FALSE,medium,trubbish,None,generation-v
570,zorua,1,75,70,FALSE,FALSE,FALSE,FALSE,FALSE,medium-slow,None,None,generation-v
571,zoroark,1,45,70,FALSE,FALSE,FALSE,FALSE,FALSE,medium-slow,zorua,None,generation-v
572,minccino,6,255,70,FALSE,FALSE,FALSE,FALSE,FALSE,fast,None,None,generation-v
573,cinccino,6,60,70,FALSE,FALSE,FALSE,FALSE,FALSE,fast,minccino,None,generation-v
574,gothita,6,200,70,FALSE,FALSE,FALSE,FALSE,FALSE,medium-slow,None,None,generation-v
575,gothorita,6,100,70,FALSE,FALSE,FALSE,FALSE,FALSE,medium-slow,gothita,None,generation-v
576,gothitelle,6,50,70,FALSE,FALSE,FALSE,FALSE,FALSE,medium-slow,gothorita,None,generation-v
577,solosis,4,200,70,FALSE,FALSE,FALSE,FALSE,FALSE,medium-slow,None,None,generation-v
578,duosion,4,100,70,FALSE,FALSE,FALSE,FALSE,FALSE,medium-slow,solosis,None,generation-v
579,reuniclus,4,50,70,FALSE,FALSE,FALSE,FALSE,FALSE,medium-slow,duosion,None,generation-v
580,ducklett,4,190,70,FALSE,FALSE,FALSE,FALSE,FALSE,medium,None,None,generation-v
581,swanna,4,45,70,FALSE,FALSE,FALSE,FALSE,FALSE,medium,ducklett,None,generation-v
582,vanillite,4,255,70,FALSE,FALSE,FALSE,FALSE,FALSE,slow,None,None,generation-v
583,vanillish,4,120,70,FALSE,FALSE,FALSE,FALSE,FALSE,slow,vanillite,None,generation-v
584,vanilluxe,4,45,70,FALSE,FALSE,FALSE,FALSE,FALSE,slow,vanillish,None,generation-v
585,deerling,4,190,70,FALSE,FALSE,FALSE,FALSE,TRUE,medium,None,None,generation-v
586,sawsbuck,4,75,70,FALSE,FALSE,FALSE,FALSE,TRUE,medium,deerling,None,generation-v
587,emolga,4,200,70,FALSE,FALSE,FALSE,FALSE,FALSE,medium,None,None,generation-v
588,karrablast,4,200,70,FALSE,FALSE,FALSE,FALSE,FALSE,medium,None,None,generation-v
589,escavalier,4,75,70,FALSE,FALSE,FALSE,FALSE,FALSE,medium,karrablast,None,generation-v
590,foongus,4,190,70,FALSE,FALSE,FALSE,FALSE,FALSE,medium,None,None,generation-v
591,amoonguss,4,75,70,FALSE,FALSE,FALSE,FALSE,FALSE,medium,foongus,None,generation-v
592,frillish,4,190,70,FALSE,FALSE,FALSE,TRUE,FALSE,medium,None,None,generation-v
593,jellicent,4,60,70,FALSE,FALSE,FALSE,TRUE,FALSE,medium,frillish,None,generation-v
594,alomomola,4,75,70,FALSE,FALSE,FALSE,FALSE,FALSE,fast,None,None,generation-v
595,joltik,4,190,70,FALSE,FALSE,FALSE,FALSE,FALSE,medium,None,None,generation-v
596,galvantula,4,75,70,FALSE,FALSE,FALSE,FALSE,FALSE,medium,joltik,None,generation-v
597,ferroseed,4,255,70,FALSE,FALSE,FALSE,FALSE,FALSE,medium,None,None,generation-v
598,ferrothorn,4,90,70,FALSE,FALSE,FALSE,FALSE,FALSE,medium,ferroseed,None,generation-v
599,klink,-1,130,70,FALSE,FALSE,FALSE,FALSE,FALSE,medium-slow,None,None,generation-v
600,klang,-1,60,70,FALSE,FALSE,FALSE,FALSE,FALSE,medium-slow,klink,None,generation-v
601,klinklang,-1,30,70,FALSE,FALSE,FALSE,FALSE,FALSE,medium-slow,klang,None,generation-v
602,tynamo,4,190,70,FALSE,FALSE,FALSE,FALSE,FALSE,slow,None,None,generation-v
603,eelektrik,4,60,70,FALSE,FALSE,FALSE,FALSE,FALSE,slow,tynamo,None,generation-v
604,eelektross,4,30,70,FALSE,FALSE,FALSE,FALSE,FALSE,slow,eelektrik,None,generation-v
605,elgyem,4,255,70,FALSE,FALSE,FALSE,FALSE,FALSE,medium,None,None,generation-v
606,beheeyem,4,90,70,FALSE,FALSE,FALSE,FALSE,FALSE,medium,elgyem,None,generation-v
607,litwick,4,190,70,FALSE,FALSE,FALSE,FALSE,FALSE,medium-slow,None,None,generation-v
608,lampent,4,90,70,FALSE,FALSE,FALSE,FALSE,FALSE,medium-slow,litwick,None,generation-v
609,chandelure,4,45,70,FALSE,FALSE,FALSE,FALSE,FALSE,medium-slow,lampent,None,generation-v
610,axew,4,75,35,FALSE,FALSE,FALSE,FALSE,FALSE,slow,None,None,generation-v
611,fraxure,4,60,35,FALSE,FALSE,FALSE,FALSE,FALSE,slow,axew,None,generation-v
612,haxorus,4,45,35,FALSE,FALSE,FALSE,FALSE,FALSE,slow,fraxure,None,generation-v
613,cubchoo,4,120,70,FALSE,FALSE,FALSE,FALSE,FALSE,medium,None,None,generation-v
614,beartic,4,60,70,FALSE,FALSE,FALSE,FALSE,FALSE,medium,cubchoo,None,generation-v
615,cryogonal,-1,25,70,FALSE,FALSE,FALSE,FALSE,FALSE,medium,None,None,generation-v
616,shelmet,4,200,70,FALSE,FALSE,FALSE,FALSE,FALSE,medium,None,None,generation-v
617,accelgor,4,75,70,FALSE,FALSE,FALSE,FALSE,FALSE,medium,shelmet,None,generation-v
618,stunfisk,4,75,70,FALSE,FALSE,FALSE,FALSE,FALSE,medium,None,None,generation-v
619,mienfoo,4,180,70,FALSE,FALSE,FALSE,FALSE,FALSE,medium-slow,None,None,generation-v
620,mienshao,4,45,70,FALSE,FALSE,FALSE,FALSE,FALSE,medium-slow,mienfoo,None,generation-v
621,druddigon,4,45,70,FALSE,FALSE,FALSE,FALSE,FALSE,medium,None,None,generation-v
622,golett,-1,190,70,FALSE,FALSE,FALSE,FALSE,FALSE,medium,None,None,generation-v
623,golurk,-1,90,70,FALSE,FALSE,FALSE,FALSE,FALSE,medium,golett,None,generation-v
624,pawniard,4,120,35,FALSE,FALSE,FALSE,FALSE,FALSE,medium,None,None,generation-v
625,bisharp,4,45,35,FALSE,FALSE,FALSE,FALSE,FALSE,medium,pawniard,None,generation-v
626,bouffalant,4,45,70,FALSE,FALSE,FALSE,FALSE,FALSE,medium,None,None,generation-v
627,rufflet,0,190,70,FALSE,FALSE,FALSE,FALSE,FALSE,slow,None,None,generation-v
628,braviary,0,60,70,FALSE,FALSE,FALSE,FALSE,FALSE,slow,rufflet,None,generation-v
629,vullaby,8,190,35,FALSE,FALSE,FALSE,FALSE,FALSE,slow,None,None,generation-v
630,mandibuzz,8,60,35,FALSE,FALSE,FALSE,FALSE,FALSE,slow,vullaby,None,generation-v
631,heatmor,4,90,70,FALSE,FALSE,FALSE,FALSE,FALSE,medium,None,None,generation-v
632,durant,4,90,70,FALSE,FALSE,FALSE,FALSE,FALSE,medium,None,None,generation-v
633,deino,4,45,35,FALSE,FALSE,FALSE,FALSE,FALSE,slow,None,None,generation-v
634,zweilous,4,45,35,FALSE,FALSE,FALSE,FALSE,FALSE,slow,deino,None,generation-v
635,hydreigon,4,45,35,FALSE,FALSE,FALSE,FALSE,FALSE,slow,zweilous,None,generation-v
636,larvesta,4,45,70,FALSE,FALSE,FALSE,FALSE,FALSE,slow,None,None,generation-v
637,volcarona,4,15,70,FALSE,FALSE,FALSE,FALSE,FALSE,slow,larvesta,None,generation-v
638,cobalion,-1,3,35,FALSE,TRUE,FALSE,FALSE,FALSE,slow,None,None,generation-v
639,terrakion,-1,3,35,FALSE,TRUE,FALSE,FALSE,FALSE,slow,None,None,generation-v
640,virizion,-1,3,35,FALSE,TRUE,FALSE,FALSE,FALSE,slow,None,None,generation-v
641,tornadus,0,3,90,FALSE,TRUE,FALSE,FALSE,TRUE,slow,None,None,generation-v
642,thundurus,0,3,90,FALSE,TRUE,FALSE,FALSE,TRUE,slow,None,None,generation-v
643,reshiram,-1,3,0,FALSE,TRUE,FALSE,FALSE,FALSE,slow,None,None,generation-v
644,zekrom,-1,3,0,FALSE,TRUE,FALSE,FALSE,FALSE,slow,None,None,generation-v
645,landorus,0,3,90,FALSE,TRUE,FALSE,FALSE,TRUE,slow,None,None,generation-v
646,kyurem,-1,3,0,FALSE,TRUE,FALSE,FALSE,TRUE,slow,None,None,generation-v
647,keldeo,-1,3,35,FALSE,FALSE,TRUE,FALSE,TRUE,slow,None,None,generation-v
648,meloetta,-1,3,100,FALSE,FALSE,TRUE,FALSE,TRUE,slow,None,None,generation-v
649,genesect,-1,3,0,FALSE,FALSE,TRUE,FALSE,TRUE,slow,None,None,generation-v
650,chespin,1,45,70,FALSE,FALSE,FALSE,FALSE,FALSE,medium-slow,None,None,generation-vi
651,quilladin,1,45,70,FALSE,FALSE,FALSE,FALSE,FALSE,medium-slow,chespin,None,generation-vi
652,chesnaught,1,45,70,FALSE,FALSE,FALSE,FALSE,FALSE,medium-slow,quilladin,None,generation-vi
653,fennekin,1,45,70,FALSE,FALSE,FALSE,FALSE,FALSE,medium-slow,None,None,generation-vi
654,braixen,1,45,70,FALSE,FALSE,FALSE,FALSE,FALSE,medium-slow,fennekin,None,generation-vi
655,delphox,1,45,70,FALSE,FALSE,FALSE,FALSE,FALSE,medium-slow,braixen,None,generation-vi
656,froakie,1,45,70,FALSE,FALSE,FALSE,FALSE,FALSE,medium-slow,None,None,generation-vi
657,frogadier,1,45,70,FALSE,FALSE,FALSE,FALSE,FALSE,medium-slow,froakie,None,generation-vi
658,greninja,1,45,70,FALSE,FALSE,FALSE,FALSE,FALSE,medium-slow,frogadier,None,generation-vi
659,bunnelby,4,255,70,FALSE,FALSE,FALSE,FALSE,FALSE,medium,None,None,generation-vi
660,diggersby,4,127,70,FALSE,FALSE,FALSE,FALSE,FALSE,medium,bunnelby,None,generation-vi
661,fletchling,4,255,70,FALSE,FALSE,FALSE,FALSE,FALSE,medium-slow,None,None,generation-vi
662,fletchinder,4,120,70,FALSE,FALSE,FALSE,FALSE,FALSE,medium-slow,fletchling,None,generation-vi
663,talonflame,4,45,70,FALSE,FALSE,FALSE,FALSE,FALSE,medium-slow,fletchinder,None,generation-vi
664,scatterbug,4,255,70,FALSE,FALSE,FALSE,FALSE,FALSE,medium,None,None,generation-vi
665,spewpa,4,120,70,FALSE,FALSE,FALSE,FALSE,FALSE,medium,scatterbug,None,generation-vi
666,vivillon,4,45,70,FALSE,FALSE,FALSE,FALSE,FALSE,medium,spewpa,None,generation-vi
667,litleo,7,220,70,FALSE,FALSE,FALSE,FALSE,FALSE,medium-slow,None,None,generation-vi
668,pyroar,7,65,70,FALSE,FALSE,FALSE,TRUE,FALSE,medium-slow,litleo,None,generation-vi
669,flabebe,8,225,70,FALSE,FALSE,FALSE,FALSE,FALSE,medium,None,None,generation-vi
670,floette,8,120,70,FALSE,FALSE,FALSE,FALSE,FALSE,medium,flabebe,None,generation-vi
671,florges,8,45,70,FALSE,FALSE,FALSE,FALSE,FALSE,medium,floette,None,generation-vi
672,skiddo,4,200,70,FALSE,FALSE,FALSE,FALSE,FALSE,medium,None,None,generation-vi
673,gogoat,4,45,70,FALSE,FALSE,FALSE,FALSE,FALSE,medium,skiddo,None,generation-vi
674,pancham,4,220,70,FALSE,FALSE,FALSE,FALSE,FALSE,medium,None,None,generation-vi
675,pangoro,4,65,70,FALSE,FALSE,FALSE,FALSE,FALSE,medium,pancham,None,generation-vi
676,furfrou,4,160,70,FALSE,FALSE,FALSE,FALSE,TRUE,medium,None,None,generation-vi
677,espurr,4,190,70,FALSE,FALSE,FALSE,FALSE,FALSE,medium,None,None,generation-vi
678,meowstic,4,75,70,FALSE,FALSE,FALSE,TRUE,FALSE,medium,espurr,None,generation-vi
679,honedge,4,180,70,FALSE,FALSE,FALSE,FALSE,FALSE,medium,None,None,generation-vi
680,doublade,4,90,70,FALSE,FALSE,FALSE,FALSE,FALSE,medium,honedge,None,generation-vi
681,aegislash,4,45,70,FALSE,FALSE,FALSE,FALSE,TRUE,medium,doublade,None,generation-vi
682,spritzee,4,200,70,FALSE,FALSE,FALSE,FALSE,FALSE,medium,None,None,generation-vi
683,aromatisse,4,140,70,FALSE,FALSE,FALSE,FALSE,FALSE,medium,spritzee,None,generation-vi
684,swirlix,4,200,70,FALSE,FALSE,FALSE,FALSE,FALSE,medium,None,None,generation-vi
685,slurpuff,4,140,70,FALSE,FALSE,FALSE,FALSE,FALSE,medium,swirlix,None,generation-vi
686,inkay,4,190,70,FALSE,FALSE,FALSE,FALSE,FALSE,medium,None,None,generation-vi
687,malamar,4,80,70,FALSE,FALSE,FALSE,FALSE,FALSE,medium,inkay,None,generation-vi
688,binacle,4,120,70,FALSE,FALSE,FALSE,FALSE,FALSE,medium,None,None,generation-vi
689,barbaracle,4,45,70,FALSE,FALSE,FALSE,FALSE,FALSE,medium,binacle,None,generation-vi
690,skrelp,4,225,70,FALSE,FALSE,FALSE,FALSE,FALSE,medium,None,None,generation-vi
691,dragalge,4,55,70,FALSE,FALSE,FALSE,FALSE,FALSE,medium,skrelp,None,generation-vi
692,clauncher,4,225,70,FALSE,FALSE,FALSE,FALSE,FALSE,slow,None,None,generation-vi
693,clawitzer,4,55,70,FALSE,FALSE,FALSE,FALSE,FALSE,slow,clauncher,None,generation-vi
694,helioptile,4,190,70,FALSE,FALSE,FALSE,FALSE,FALSE,medium,None,None,generation-vi
695,heliolisk,4,75,70,FALSE,FALSE,FALSE,FALSE,FALSE,medium,helioptile,None,generation-vi
696,tyrunt,1,45,70,FALSE,FALSE,FALSE,FALSE,FALSE,medium,None,None,generation-vi
697,tyrantrum,1,45,70,FALSE,FALSE,FALSE,FALSE,FALSE,medium,tyrunt,None,generation-vi
698,amaura,1,45,70,FALSE,FALSE,FALSE,FALSE,FALSE,medium,None,None,generation-vi
699,aurorus,1,45,70,FALSE,FALSE,FALSE,FALSE,FALSE,medium,amaura,None,generation-vi
700,sylveon,1,45,70,FALSE,FALSE,FALSE,FALSE,FALSE,medium,eevee,None,generation-vi
701,hawlucha,4,100,70,FALSE,FALSE,FALSE,FALSE,FALSE,medium,None,None,generation-vi
702,dedenne,4,180,70,FALSE,FALSE,FALSE,FALSE,FALSE,medium,None,None,generation-vi
703,carbink,-1,60,70,FALSE,FALSE,FALSE,FALSE,FALSE,slow,None,None,generation-vi
704,goomy,4,45,35,FALSE,FALSE,FALSE,FALSE,FALSE,slow,None,None,generation-vi
705,sliggoo,4,45,35,FALSE,FALSE,FALSE,FALSE,FALSE,slow,goomy,None,generation-vi
706,goodra,4,45,35,FALSE,FALSE,FALSE,FALSE,FALSE,slow,sliggoo,None,generation-vi
707,klefki,4,75,70,FALSE,FALSE,FALSE,FALSE,FALSE,fast,None,None,generation-vi
708,phantump,4,120,70,FALSE,FALSE,FALSE,FALSE,FALSE,medium,None,None,generation-vi
709,trevenant,4,60,70,FALSE,FALSE,FALSE,FALSE,FALSE,medium,phantump,None,generation-vi
710,pumpkaboo,4,120,70,FALSE,FALSE,FALSE,FALSE,FALSE,medium,None,None,generation-vi
711,gourgeist,4,60,70,FALSE,FALSE,FALSE,FALSE,FALSE,medium,pumpkaboo,None,generation-vi
712,bergmite,4,190,70,FALSE,FALSE,FALSE,FALSE,FALSE,medium,None,None,generation-vi
713,avalugg,4,55,70,FALSE,FALSE,FALSE,FALSE,FALSE,medium,bergmite,None,generation-vi
714,noibat,4,190,70,FALSE,FALSE,FALSE,FALSE,FALSE,medium,None,None,generation-vi
715,noivern,4,45,70,FALSE,FALSE,FALSE,FALSE,FALSE,medium,noibat,None,generation-vi
716,xerneas,-1,45,0,FALSE,TRUE,FALSE,FALSE,TRUE,slow,None,None,generation-vi
717,yveltal,-1,45,0,FALSE,TRUE,FALSE,FALSE,FALSE,slow,None,None,generation-vi
718,zygarde,-1,3,0,FALSE,TRUE,FALSE,FALSE,FALSE,slow,None,None,generation-vi
719,diancie,-1,3,70,FALSE,FALSE,TRUE,FALSE,TRUE,slow,None,None,generation-vi
720,hoopa,-1,3,100,FALSE,FALSE,TRUE,FALSE,FALSE,slow,None,None,generation-vi
721,volcanion,-1,3,100,FALSE,FALSE,TRUE,FALSE,FALSE,slow,None,None,generation-vi
722,rowlet,1,45,70,FALSE,FALSE,FALSE,FALSE,FALSE,medium-slow,None,None,generation-vii
723,dartrix,1,45,70,FALSE,FALSE,FALSE,FALSE,FALSE,medium-slow,rowlet,None,generation-vii
724,decidueye,1,45,70,FALSE,FALSE,FALSE,FALSE,FALSE,medium-slow,dartrix,None,generation-vii
725,litten,1,45,70,FALSE,FALSE,FALSE,FALSE,FALSE,medium-slow,None,None,generation-vii
726,torracat,1,45,70,FALSE,FALSE,FALSE,FALSE,FALSE,medium-slow,litten,None,generation-vii
727,incineroar,1,45,70,FALSE,FALSE,FALSE,FALSE,FALSE,medium-slow,torracat,None,generation-vii
728,popplio,1,45,70,FALSE,FALSE,FALSE,FALSE,FALSE,medium-slow,None,None,generation-vii
729,brionne,1,45,70,FALSE,FALSE,FALSE,FALSE,FALSE,medium-slow,popplio,None,generation-vii
730,primarina,1,45,70,FALSE,FALSE,FALSE,FALSE,FALSE,medium-slow,brionne,None,generation-vii
731,pikipek,4,255,70,FALSE,FALSE,FALSE,FALSE,FALSE,medium,None,None,generation-vii
732,trumbeak,4,120,70,FALSE,FALSE,FALSE,FALSE,FALSE,medium,pikipek,None,generation-vii
733,toucannon,4,45,70,FALSE,FALSE,FALSE,FALSE,FALSE,medium,trumbeak,None,generation-vii
734,yungoos,4,255,70,FALSE,FALSE,FALSE,FALSE,FALSE,medium,None,None,generation-vii
735,gumshoos,4,127,70,FALSE,FALSE,FALSE,FALSE,FALSE,medium,yungoos,None,generation-vii
736,grubbin,4,255,70,FALSE,FALSE,FALSE,FALSE,FALSE,medium,None,None,generation-vii
737,charjabug,4,120,70,FALSE,FALSE,FALSE,FALSE,FALSE,medium,grubbin,None,generation-vii
738,vikavolt,4,45,70,FALSE,FALSE,FALSE,FALSE,FALSE,medium,charjabug,None,generation-vii
739,crabrawler,4,225,70,FALSE,FALSE,FALSE,FALSE,FALSE,medium,None,None,generation-vii
740,crabominable,4,60,70,FALSE,FALSE,FALSE,FALSE,FALSE,medium,crabrawler,None,generation-vii
741,oricorio,6,45,70,FALSE,FALSE,FALSE,FALSE,FALSE,medium,None,None,generation-vii
742,cutiefly,4,190,70,FALSE,FALSE,FALSE,FALSE,FALSE,medium,None,None,generation-vii
743,ribombee,4,75,70,FALSE,FALSE,FALSE,FALSE,FALSE,medium,cutiefly,None,generation-vii
744,rockruff,4,190,70,FALSE,FALSE,FALSE,FALSE,FALSE,medium,None,None,generation-vii
745,lycanroc,4,90,70,FALSE,FALSE,FALSE,FALSE,FALSE,medium,rockruff,None,generation-vii
746,wishiwashi,4,60,70,FALSE,FALSE,FALSE,FALSE,FALSE,fast,None,None,generation-vii
747,mareanie,4,190,70,FALSE,FALSE,FALSE,FALSE,FALSE,medium,None,None,generation-vii
748,toxapex,4,75,70,FALSE,FALSE,FALSE,FALSE,FALSE,medium,mareanie,None,generation-vii
749,mudbray,4,190,70,FALSE,FALSE,FALSE,FALSE,FALSE,medium,None,None,generation-vii
750,mudsdale,4,60,70,FALSE,FALSE,FALSE,FALSE,FALSE,medium,mudbray,None,generation-vii
751,dewpider,4,200,70,FALSE,FALSE,FALSE,FALSE,FALSE,medium,None,None,generation-vii
752,araquanid,4,100,70,FALSE,FALSE,FALSE,FALSE,FALSE,medium,dewpider,None,generation-vii
753,fomantis,4,190,70,FALSE,FALSE,FALSE,FALSE,FALSE,medium,None,None,generation-vii
754,lurantis,4,75,70,FALSE,FALSE,FALSE,FALSE,FALSE,medium,fomantis,None,generation-vii
755,morelull,4,190,70,FALSE,FALSE,FALSE,FALSE,FALSE,medium,None,None,generation-vii
756,shiinotic,4,75,70,FALSE,FALSE,FALSE,FALSE,FALSE,medium,morelull,None,generation-vii
757,salandit,1,120,70,FALSE,FALSE,FALSE,FALSE,FALSE,medium,None,None,generation-vii
758,salazzle,8,45,70,FALSE,FALSE,FALSE,FALSE,FALSE,medium,salandit,None,generation-vii
759,stufful,4,140,70,FALSE,FALSE,FALSE,FALSE,FALSE,medium,None,None,generation-vii
760,bewear,4,70,70,FALSE,FALSE,FALSE,FALSE,FALSE,medium,stufful,None,generation-vii
761,bounsweet,8,235,70,FALSE,FALSE,FALSE,FALSE,FALSE,medium-slow,None,None,generation-vii
762,steenee,8,120,70,FALSE,FALSE,FALSE,FALSE,FALSE,medium-slow,bounsweet,None,generation-vii
763,tsareena,8,45,70,FALSE,FALSE,FALSE,FALSE,FALSE,medium-slow,steenee,None,generation-vii
764,comfey,6,60,70,FALSE,FALSE,FALSE,FALSE,FALSE,fast,None,None,generation-vii
765,oranguru,4,45,70,FALSE,FALSE,FALSE,FALSE,FALSE,slow,None,None,generation-vii
766,passimian,4,45,70,FALSE,FALSE,FALSE,FALSE,FALSE,slow,None,None,generation-vii
767,wimpod,4,90,70,FALSE,FALSE,FALSE,FALSE,FALSE,medium,None,None,generation-vii
768,golisopod,4,45,70,FALSE,FALSE,FALSE,FALSE,FALSE,medium,wimpod,None,generation-vii
769,sandygast,4,140,70,FALSE,FALSE,FALSE,FALSE,FALSE,medium,None,None,generation-vii
770,palossand,4,60,70,FALSE,FALSE,FALSE,FALSE,FALSE,medium,sandygast,None,generation-vii
771,pyukumuku,4,60,70,FALSE,FALSE,FALSE,FALSE,FALSE,fast,None,None,generation-vii
772,type-null,-1,3,0,FALSE,FALSE,FALSE,FALSE,FALSE,slow,None,None,generation-vii
773,silvally,-1,3,0,FALSE,FALSE,FALSE,FALSE,FALSE,slow,type-null,None,generation-vii
774,minior,-1,30,70,FALSE,FALSE,FALSE,FALSE,FALSE,medium-slow,None,None,generation-vii
775,komala,4,45,70,FALSE,FALSE,FALSE,FALSE,FALSE,slow,None,None,generation-vii
776,turtonator,4,70,70,FALSE,FALSE,FALSE,FALSE,FALSE,medium,None,None,generation-vii
777,togedemaru,4,180,70,FALSE,FALSE,FALSE,FALSE,FALSE,medium,None,None,generation-vii
778,mimikyu,4,45,70,FALSE,FALSE,FALSE,FALSE,FALSE,medium,None,None,generation-vii
779,bruxish,4,80,70,FALSE,FALSE,FALSE,FALSE,FALSE,medium,None,None,generation-vii
780,drampa,4,70,70,FALSE,FALSE,FALSE,FALSE,FALSE,medium,None,None,generation-vii
781,dhelmise,-1,25,70,FALSE,FALSE,FALSE,FALSE,FALSE,medium,None,None,generation-vii
782,jangmo-o,4,45,70,FALSE,FALSE,FALSE,FALSE,FALSE,slow,None,None,generation-vii
783,hakamo-o,4,45,70,FALSE,FALSE,FALSE,FALSE,FALSE,slow,jangmo-o,None,generation-vii
784,kommo-o,4,45,70,FALSE,FALSE,FALSE,FALSE,FALSE,slow,hakamo-o,None,generation-vii
785,tapu-koko,-1,3,70,FALSE,TRUE,FALSE,FALSE,FALSE,slow,None,None,generation-vii
786,tapu-lele,-1,3,70,FALSE,TRUE,FALSE,FALSE,FALSE,slow,None,None,generation-vii
787,tapu-bulu,-1,3,70,FALSE,TRUE,FALSE,FALSE,FALSE,slow,None,None,generation-vii
788,tapu-fini,-1,3,70,FALSE,TRUE,FALSE,FALSE,FALSE,slow,None,None,generation-vii
789,cosmog,-1,45,0,FALSE,TRUE,FALSE,FALSE,FALSE,slow,None,None,generation-vii
790,cosmoem,-1,45,0,FALSE,TRUE,FALSE,FALSE,FALSE,slow,cosmog,None,generation-vii
791,solgaleo,-1,45,0,FALSE,TRUE,FALSE,FALSE,FALSE,slow,cosmoem,None,generation-vii
792,lunala,-1,45,0,FALSE,TRUE,FALSE,FALSE,FALSE,slow,cosmoem,None,generation-vii
793,nihilego,-1,45,0,FALSE,FALSE,FALSE,FALSE,FALSE,slow,None,None,generation-vii
794,buzzwole,-1,45,0,FALSE,FALSE,FALSE,FALSE,FALSE,slow,None,None,generation-vii
795,pheromosa,-1,45,0,FALSE,FALSE,FALSE,FALSE,FALSE,slow,None,None,generation-vii
796,xurkitree,-1,45,0,FALSE,FALSE,FALSE,FALSE,FALSE,slow,None,None,generation-vii
797,celesteela,-1,45,0,FALSE,FALSE,FALSE,FALSE,FALSE,slow,None,None,generation-vii
798,kartana,-1,45,0,FALSE,FALSE,FALSE,FALSE,FALSE,slow,None,None,generation-vii
799,guzzlord,-1,45,0,FALSE,FALSE,FALSE,FALSE,FALSE,slow,None,None,generation-vii
800,necrozma,-1,255,0,FALSE,TRUE,FALSE,FALSE,FALSE,slow,None,None,generation-vii
801,magearna,-1,3,0,FALSE,FALSE,TRUE,FALSE,FALSE,slow,None,None,generation-vii
802,marshadow,-1,3,0,FALSE,FALSE,TRUE,FALSE,FALSE,slow,None,None,generation-vii
803,poipole,-1,45,0,FALSE,FALSE,FALSE,FALSE,FALSE,slow,None,None,generation-vii
804,naganadel,-1,45,0,FALSE,FALSE,FALSE,FALSE,FALSE,slow,poipole,None,generation-vii
805,stakataka,-1,30,0,FALSE,FALSE,FALSE,FALSE,FALSE,slow,None,None,generation-vii
806,blacephalon,-1,30,0,FALSE,FALSE,FALSE,FALSE,FALSE,slow,None,None,generation-vii
807,zeraora,-1,3,0,FALSE,FALSE,TRUE,FALSE,FALSE,slow,None,None,generation-vii
808,meltan,-1,3,0,FALSE,FALSE,TRUE,FALSE,FALSE,slow,None,None,generation-vii
809,melmetal,-1,3,0,FALSE,FALSE,TRUE,FALSE,FALSE,slow,meltan,None,generation-vii
810,grookey,1,45,50,FALSE,FALSE,FALSE,FALSE,FALSE,medium-slow,None,None,generation-viii
811,thwackey,1,45,50,FALSE,FALSE,FALSE,FALSE,FALSE,medium-slow,grookey,None,generation-viii
812,rillaboom,1,45,50,FALSE,FALSE,FALSE,FALSE,FALSE,medium-slow,thwackey,None,generation-viii
813,scorbunny,1,45,50,FALSE,FALSE,FALSE,FALSE,FALSE,medium-slow,None,None,generation-viii
814,raboot,1,45,50,FALSE,FALSE,FALSE,FALSE,FALSE,medium-slow,scorbunny,None,generation-viii
815,cinderace,1,45,50,FALSE,FALSE,FALSE,FALSE,FALSE,medium-slow,raboot,None,generation-viii
816,sobble,1,45,50,FALSE,FALSE,FALSE,FALSE,FALSE,medium-slow,None,None,generation-viii
817,drizzile,1,45,50,FALSE,FALSE,FALSE,FALSE,FALSE,medium-slow,sobble,None,generation-viii
818,inteleon,1,45,50,FALSE,FALSE,FALSE,FALSE,FALSE,medium-slow,drizzile,None,generation-viii
819,skwovet,4,255,50,FALSE,FALSE,FALSE,FALSE,FALSE,medium,None,None,generation-viii
820,greedent,4,90,50,FALSE,FALSE,FALSE,FALSE,FALSE,medium,skwovet,None,generation-viii
821,rookidee,4,255,50,FALSE,FALSE,FALSE,FALSE,FALSE,medium-slow,None,None,generation-viii
822,corvisquire,4,120,50,FALSE,FALSE,FALSE,FALSE,FALSE,medium-slow,rookidee,None,generation-viii
823,corviknight,4,45,50,FALSE,FALSE,FALSE,FALSE,FALSE,medium-slow,corvisquire,None,generation-viii
824,blipbug,4,255,50,FALSE,FALSE,FALSE,FALSE,FALSE,medium,None,None,generation-viii
825,dottler,4,120,50,FALSE,FALSE,FALSE,FALSE,FALSE,medium,blipbug,None,generation-viii
826,orbeetle,4,45,50,FALSE,FALSE,FALSE,FALSE,FALSE,medium,dottler,None,generation-viii
827,nickit,4,255,50,FALSE,FALSE,FALSE,FALSE,FALSE,fast,None,None,generation-viii
828,thievul,4,127,50,FALSE,FALSE,FALSE,FALSE,FALSE,fast,nickit,None,generation-viii
829,gossifleur,4,190,50,FALSE,FALSE,FALSE,FALSE,FALSE,medium,None,None,generation-viii
830,eldegoss,4,75,50,FALSE,FALSE,FALSE,FALSE,FALSE,medium,gossifleur,None,generation-viii
831,wooloo,4,255,50,FALSE,FALSE,FALSE,FALSE,FALSE,medium,None,None,generation-viii
832,dubwool,4,127,50,FALSE,FALSE,FALSE,FALSE,FALSE,medium,wooloo,None,generation-viii
833,chewtle,4,255,50,FALSE,FALSE,FALSE,FALSE,FALSE,medium,None,None,generation-viii
834,drednaw,4,75,50,FALSE,FALSE,FALSE,FALSE,FALSE,medium,chewtle,None,generation-viii
835,yamper,4,255,50,FALSE,FALSE,FALSE,FALSE,FALSE,fast,None,None,generation-viii
836,boltund,4,45,50,FALSE,FALSE,FALSE,FALSE,FALSE,fast,yamper,None,generation-viii
837,rolycoly,4,255,50,FALSE,FALSE,FALSE,FALSE,FALSE,medium-slow,None,None,generation-viii
838,carkol,4,120,50,FALSE,FALSE,FALSE,FALSE,FALSE,medium-slow,rolycoly,None,generation-viii
839,coalossal,4,45,50,FALSE,FALSE,FALSE,FALSE,FALSE,medium-slow,carkol,None,generation-viii
840,applin,4,255,50,FALSE,FALSE,FALSE,FALSE,FALSE,slow-then-very-fast,None,None,generation-viii
841,flapple,4,45,50,FALSE,FALSE,FALSE,FALSE,FALSE,slow-then-very-fast,applin,None,generation-viii
842,appletun,4,45,50,FALSE,FALSE,FALSE,FALSE,FALSE,slow-then-very-fast,applin,None,generation-viii
843,silicobra,4,255,50,FALSE,FALSE,FALSE,FALSE,FALSE,medium,None,None,generation-viii
844,sandaconda,4,120,50,FALSE,FALSE,FALSE,FALSE,FALSE,medium,silicobra,None,generation-viii
845,cramorant,4,45,50,FALSE,FALSE,FALSE,FALSE,FALSE,medium,None,None,generation-viii
846,arrokuda,4,255,50,FALSE,FALSE,FALSE,FALSE,FALSE,slow,None,None,generation-viii
847,barraskewda,4,60,50,FALSE,FALSE,FALSE,FALSE,FALSE,slow,arrokuda,None,generation-viii
848,toxel,4,75,50,FALSE,FALSE,FALSE,FALSE,FALSE,medium-slow,None,None,generation-viii
849,toxtricity,4,45,50,FALSE,FALSE,FALSE,FALSE,FALSE,medium-slow,toxel,None,generation-viii
850,sizzlipede,4,190,50,FALSE,FALSE,FALSE,FALSE,FALSE,medium,None,None,generation-viii
851,centiskorch,4,75,50,FALSE,FALSE,FALSE,FALSE,FALSE,medium,sizzlipede,None,generation-viii
852,clobbopus,4,180,50,FALSE,FALSE,FALSE,FALSE,FALSE,medium-slow,None,None,generation-viii
853,grapploct,4,45,50,FALSE,FALSE,FALSE,FALSE,FALSE,medium-slow,clobbopus,None,generation-viii
854,sinistea,-1,120,50,FALSE,FALSE,FALSE,FALSE,FALSE,medium,None,None,generation-viii
855,polteageist,-1,60,50,FALSE,FALSE,FALSE,FALSE,FALSE,medium,sinistea,None,generation-viii
856,hatenna,8,235,50,FALSE,FALSE,FALSE,FALSE,FALSE,slow,None,None,generation-viii
857,hattrem,8,120,50,FALSE,FALSE,FALSE,FALSE,FALSE,slow,hatenna,None,generation-viii
858,hatterene,8,45,50,FALSE,FALSE,FALSE,FALSE,FALSE,slow,hattrem,None,generation-viii
859,impidimp,0,255,50,FALSE,FALSE,FALSE,FALSE,FALSE,medium,None,None,generation-viii
860,morgrem,0,120,50,FALSE,FALSE,FALSE,FALSE,FALSE,medium,impidimp,None,generation-viii
861,grimmsnarl,0,45,50,FALSE,FALSE,FALSE,FALSE,FALSE,medium,morgrem,None,generation-viii
862,obstagoon,4,45,50,FALSE,FALSE,FALSE,FALSE,FALSE,medium,linoone,None,generation-viii
863,perrserker,4,90,50,FALSE,FALSE,FALSE,FALSE,FALSE,medium,meowth,None,generation-viii
864,cursola,6,30,50,FALSE,FALSE,FALSE,FALSE,FALSE,fast,corsola,None,generation-viii
865,sirfetchd,4,45,50,FALSE,FALSE,FALSE,FALSE,FALSE,medium,farfetchd,None,generation-viii
866,mr-rime,4,45,50,FALSE,FALSE,FALSE,FALSE,FALSE,medium,mr-mime,None,generation-viii
867,runerigus,4,90,50,FALSE,FALSE,FALSE,FALSE,FALSE,medium,yamask,None,generation-viii
868,milcery,8,200,50,FALSE,FALSE,FALSE,FALSE,FALSE,medium,None,None,generation-viii
869,alcremie,8,100,50,FALSE,FALSE,FALSE,FALSE,FALSE,medium,milcery,None,generation-viii
870,falinks,-1,45,50,FALSE,FALSE,FALSE,FALSE,FALSE,medium,None,None,generation-viii
871,pincurchin,4,75,50,FALSE,FALSE,FALSE,FALSE,FALSE,medium,None,None,generation-viii
872,snom,4,190,50,FALSE,FALSE,FALSE,FALSE,FALSE,medium,None,None,generation-viii
873,frosmoth,4,75,50,FALSE,FALSE,FALSE,FALSE,FALSE,medium,snom,None,generation-viii
874,stonjourner,4,60,50,FALSE,FALSE,FALSE,FALSE,FALSE,slow,None,None,generation-viii
875,eiscue,4,60,50,FALSE,FALSE,FALSE,FALSE,FALSE,slow,None,None,generation-viii
876,indeedee,4,30,140,FALSE,FALSE,FALSE,TRUE,FALSE,fast,None,None,generation-viii
877,morpeko,4,180,50,FALSE,FALSE,FALSE,FALSE,FALSE,medium,None,None,generation-viii
878,cufant,4,190,50,FALSE,FALSE,FALSE,FALSE,FALSE,medium,None,None,generation-viii
879,copperajah,4,90,50,FALSE,FALSE,FALSE,FALSE,FALSE,medium,cufant,None,generation-viii
880,dracozolt,-1,45,50,FALSE,FALSE,FALSE,FALSE,FALSE,slow,None,None,generation-viii
881,arctozolt,-1,45,50,FALSE,FALSE,FALSE,FALSE,FALSE,slow,None,None,generation-viii
882,dracovish,-1,45,50,FALSE,FALSE,FALSE,FALSE,FALSE,slow,None,None,generation-viii
883,arctovish,-1,45,50,FALSE,FALSE,FALSE,FALSE,FALSE,slow,None,None,generation-viii
884,duraludon,4,45,50,FALSE,FALSE,FALSE,FALSE,FALSE,medium,None,None,generation-viii
885,dreepy,4,45,50,FALSE,FALSE,FALSE,FALSE,FALSE,slow,None,None,generation-viii
886,drakloak,4,45,50,FALSE,FALSE,FALSE,FALSE,FALSE,slow,dreepy,None,generation-viii
887,dragapult,4,45,50,FALSE,FALSE,FALSE,FALSE,FALSE,slow,drakloak,None,generation-viii
888,zacian,-1,10,0,FALSE,TRUE,FALSE,FALSE,FALSE,slow,None,None,generation-viii
889,zamazenta,-1,10,0,FALSE,TRUE,FALSE,FALSE,FALSE,slow,None,None,generation-viii
890,eternatus,-1,255,0,FALSE,TRUE,FALSE,FALSE,FALSE,slow,None,None,generation-viii
891,kubfu,1,3,50,FALSE,TRUE,FALSE,FALSE,FALSE,slow,None,None,generation-viii
892,urshifu,1,3,50,FALSE,TRUE,FALSE,FALSE,FALSE,slow,kubfu,None,generation-viii
893,zarude,-1,3,0,FALSE,FALSE,TRUE,FALSE,FALSE,slow,None,None,generation-viii
894,regieleki,-1,3,35,FALSE,TRUE,FALSE,FALSE,FALSE,slow,None,None,generation-viii
895,regidrago,-1,3,35,FALSE,TRUE,FALSE,FALSE,FALSE,slow,None,None,generation-viii
896,glastrier,-1,3,35,FALSE,TRUE,FALSE,FALSE,FALSE,slow,None,None,generation-viii
897,spectrier,-1,3,35,FALSE,TRUE,FALSE,FALSE,FALSE,slow,None,None,generation-viii
898,calyrex,-1,3,100,FALSE,TRUE,FALSE,FALSE,TRUE,slow,None,None,generation-viii